mean_x,mean_y,mean_z,std_x,std_y,std_z,Activity
-1.8749757408037384,2.1455457855140185,7.951838345981309,1.2110102913456127,2.4756394918894586,3.254353537771017,no_hand_wash
-7.59470987216981,-5.5788471596415095,3.216521573295283,3.9903379126538363,5.429279654351887,4.128704832723196,no_hand_wash
-9.449967594635513,-2.0674809740186912,1.7882454488785047,5.4348258353353565,1.2534132737877601,1.8098019690449156,no_hand_wash
-9.209311454953273,-0.7205102100280376,2.316641437700935,5.510384684594579,1.8608536715005195,1.8305962069537483,no_hand_wash
-9.351920642211537,0.21850427137500003,2.5499280317115383,5.576273260321519,1.4710045151335136,1.1488173233546994,no_hand_wash
-9.090334617603773,-0.5354551229839623,2.8395702283018864,3.8808386156796497,0.6574287129875588,1.1466359506651707,no_hand_wash
-9.00314266224299,-0.5864035385607477,2.5628118150467283,2.94976095980221,0.7464605556117527,1.5282508408956246,no_hand_wash
-9.448476525233644,-0.12503246974579438,2.500841919158878,2.3026117633749155,0.6184726813471554,0.7812867198844882,no_hand_wash
-9.076730160792453,-0.18974456717924534,2.8510641808490567,2.308939524516692,1.0774247366972372,1.2100576278385131,no_hand_wash
-7.515686948317757,-0.8534225514457943,5.63893884588785,3.5897544940553474,0.8809696642911667,2.1000384718107004,no_hand_wash
-7.93944216457944,-2.5167527093271027,2.3952991342990657,4.430521104848293,1.8749623517273644,2.488764419815784,no_hand_wash
-9.163091920092592,-1.9179020572314815,1.0010726400833334,4.942039708422756,1.7232709043832455,1.571576707718994,no_hand_wash
-9.633817497570094,-1.2954997529906542,0.9517697336448597,4.5882905959540174,1.3305083554246244,1.6152788039664538,no_hand_wash
-7.592254933962264,-1.9273374110377357,4.868464141509434,3.8187872448511824,2.345583279199908,2.656550544500844,no_hand_wash
-3.665720217524752,-6.058835231039604,5.08659558360396,2.101165514593449,3.0652471562989447,2.1098353625242976,no_hand_wash
-6.159769880660378,-6.4638033195471705,3.1901843993330186,3.694623953871568,3.485660118241818,2.4511708672408066,no_hand_wash
-6.389097432149533,-3.7604829281588783,5.696610355261683,2.732495358868392,3.0898922270233866,3.0309710839281867,no_hand_wash
-3.835527611308412,1.7086270650813082,8.67138789186916,1.7109456254220894,1.2976233940055626,2.745508791009527,no_hand_wash
-4.872417621121495,-2.6215550882616823,8.376359979626168,1.4393550581328085,1.6064236652045327,2.4280359323307925,no_hand_wash
-8.160950986407768,-1.6851540963689322,4.4337205037475735,2.8092131931548003,2.123935691390512,1.50254581555379,no_hand_wash
-9.206993524112148,-0.954274677862617,3.042624986635514,3.0693155504306144,0.6023713945257746,1.5611804888266858,no_hand_wash
-8.688144875566039,-0.5347952505754717,2.742718810566038,4.498235291966568,0.7035684642032562,1.2703059201151776,no_hand_wash
-8.648919111300925,-0.4464620786111111,2.532203757407407,4.438936038932113,0.7127540699008312,1.0319084450961853,no_hand_wash
-9.249566951869157,-0.16607002411495328,2.133149574224299,4.823673917276068,0.9212579617884726,1.254111835968569,no_hand_wash
-9.578966208093457,-0.3744142840654205,1.7972356086542054,4.591907639122937,0.6958336277765892,1.0594227344444034,no_hand_wash
-8.982159773358491,0.03133810991509432,2.5053969817924533,4.159066099379771,0.798730637907847,0.7836937601331129,no_hand_wash
-9.723692601401867,-0.24618683056074767,2.7672129311962617,4.568157610899729,0.8245801095454373,1.4013101967570505,no_hand_wash
-5.522464878037383,-3.983457938607476,5.48406829093458,3.3905490606193114,1.9531007897092643,2.285101172706331,no_hand_wash
-1.00415851225,-6.613540099340001,6.019942842999999,2.221756960520509,3.528715003743408,1.8750382468241833,no_hand_wash
-8.497296372897196,-2.254646698130841,5.107280643084113,2.521486198519052,2.357850946356391,2.2569163562708066,no_hand_wash
-9.04496796190476,-2.1787918046285717,2.7912418389523808,3.5835400955793792,3.7329949011718755,1.3669298017888916,no_hand_wash
-8.236123724205608,-1.1760849336074768,2.86502180046729,3.123493706163772,1.426526898185912,1.8311566292050896,no_hand_wash
-9.393462872429906,-1.5480117715794393,2.349283064224299,3.6241383644843483,1.2681718627769918,1.5914191544234364,no_hand_wash
-8.36194858280374,-1.3389649404205606,1.497444800273832,4.328868198671426,1.0173568724109088,0.993987889439473,no_hand_wash
-9.000921821775702,-1.217551336535514,1.3819586773271029,4.762970891342659,1.338977538238554,1.4242427309374004,no_hand_wash
-9.457781589252338,-1.118841875056075,1.563510870925234,4.940373914928714,1.0463144917734262,1.0959480018920393,no_hand_wash
-9.474013920747664,-1.035510218130841,1.8157452698130838,4.349556874429156,0.9051144641813427,1.2915730899502202,no_hand_wash
-8.530776292056075,-0.8068957834579439,1.8489937393457945,4.023984168088003,1.1152080580444967,1.3509914386078108,no_hand_wash
-9.123082977924529,-0.4151288965150944,1.8008992740566039,4.568439372647195,1.0941709634586554,0.6947781907439866,no_hand_wash
-9.541264362897197,-0.3177226763878505,1.9441317047289721,4.254943447953807,1.127827264354231,0.760698194289139,no_hand_wash
-9.757276674523363,-1.2281068301102804,1.5054174192616823,3.592475400410227,1.1135758090068542,1.1424153305485292,no_hand_wash
-9.048404813457942,-1.7473063479906539,1.798997495233645,2.8978536756694746,0.9029342587307619,1.2323394175529947,no_hand_wash
-8.857191508113207,-1.4512454057481132,1.7320914148679245,4.345511320424799,0.7488561038105054,1.4509156189585097,no_hand_wash
-9.651133535327105,-1.139988386280374,1.8571651516822427,4.956305080197252,0.8355076557240206,1.5664337355196174,no_hand_wash
-9.2721439264486,-0.9580404023383179,1.6848953883364486,4.752761185931534,0.7440301320987243,1.2207197089825061,no_hand_wash
-8.208134988333333,-1.1001946513518517,1.944168745648148,4.085578358573279,0.9931096027242103,0.9637860327634641,no_hand_wash
-8.94937381046729,-1.1921084541121494,1.6854800389813087,4.903223118419631,0.7879599949419126,0.9062926998720222,no_hand_wash
-10.353326729905659,-1.5847078004754716,1.8415413701886791,4.646317206524371,1.1074086562460137,1.7311408462041207,no_hand_wash
-9.283352173672897,-1.1641762881168225,1.7539147108345796,3.6075080881385904,0.7413977295688104,1.4262134142339669,no_hand_wash
-8.94167546675701,-1.4931869520560745,1.9421546687850464,3.0091331809858204,0.7112601575223139,1.3349098522920615,no_hand_wash
-9.32239547688785,-1.4827769676635512,1.9416754894018693,3.2625830460823915,0.7532625709021465,1.2570109986421367,no_hand_wash
-9.803568048396228,-1.408117344773585,1.887656734301887,3.188661699191542,1.262363598554284,1.5462675757450035,no_hand_wash
-9.6379967317757,-1.8532143825233647,2.0542800267009342,2.849396161279136,0.8349167409841332,1.501408084090167,no_hand_wash
-9.228361115327102,-1.5349958694252337,2.200614621635514,3.1012478636677843,0.7781015209004232,1.522582200443945,no_hand_wash
-9.516163509158876,-1.5315929708878504,2.069018613602804,3.1079427438065643,1.1242838791448346,1.5655580554400899,no_hand_wash
-9.794328309405662,-1.614411592773585,2.1937020534811325,3.205905842431677,0.8527491398723768,1.3072302335554031,no_hand_wash
-4.895445056213592,-6.515532259223301,0.9983598071844659,2.486548661730354,2.9861757307220405,2.2158421500782945,no_hand_wash
-2.2169061138695647,-8.344837569847826,-2.2041109458695654,3.0447385843399544,4.279825169669981,2.6620116701814305,no_hand_wash
-2.7905647558411215,-8.386594127663551,0.5599122591401868,2.2205625363507626,2.545873254601046,2.293896297995661,no_hand_wash
-5.269070951886793,-7.8997835516037735,1.2247443265216984,1.5506996427524635,1.930293152533913,1.366144296481849,no_hand_wash
-3.1712053908018865,-7.248866748528303,-3.5428241772103775,2.906172709643043,2.5589755916009445,2.3099922594481757,no_hand_wash
-2.1708917913396224,-8.347028618679245,-2.148836861698113,1.0495322461723608,2.108279303271168,1.694764610458561,no_hand_wash
-8.600069255613208,-3.9711922687735846,2.363382038924528,3.2721185619942794,1.8391257076745224,1.5367273089370819,no_hand_wash
-9.002617800915887,-2.019017786959813,1.666747523364486,2.726778821112957,0.9274200104757495,0.7739518258195962,no_hand_wash
-9.263477065377359,-1.7571829341886793,2.0257235383962264,2.9989038046405545,1.0474288333117312,1.2454167848680462,no_hand_wash
-9.596460146635515,-1.7427421807476633,1.9187760124859814,2.8200010387454797,0.9256651985934925,1.290805826172812,no_hand_wash
-9.125364169626168,-2.0225654570093456,2.1302911980560744,2.7375211599171956,0.82208639741288,1.3075073467161662,no_hand_wash
-9.132711602336112,-1.754891137462963,2.2248377243796296,3.0007246040788003,0.9629603697430186,1.3803926278664025,no_hand_wash
-9.487580010186916,-1.6796397160560752,2.4541749803831774,2.9947545609016957,1.0166683918615027,1.2080082214519265,no_hand_wash
-8.980586616587736,-1.7348384918349056,2.1190764968990567,2.937699325616294,0.9463805141667233,1.301373833222279,no_hand_wash
-8.873527727943925,-1.7124002032523367,1.9318725058971964,2.846754063281115,0.7828032852697294,1.265553712537463,no_hand_wash
-9.540430573831776,-1.7538830784299067,1.464368357117757,3.1497156992282664,0.8811558540461571,1.2091617667490542,no_hand_wash
-9.48306396046729,-1.6896147327663553,1.3712112019252336,2.923140416593288,0.7894427775527032,1.5018080778880996,no_hand_wash
-9.038710613207547,-1.6057484958490567,2.146094345471698,2.740723409528709,0.5126491943076301,0.9497975007234185,no_hand_wash
-9.206671550841122,-1.6244252477289718,1.94934151728972,3.1250157635631823,0.8971022942067663,1.1496303357791378,no_hand_wash
-9.62508901364486,-1.6822200365532711,2.104974683943925,2.8798429980621933,0.9237512718622418,1.3519408992799085,no_hand_wash
-9.009145329439253,-1.7054987355887854,1.884598538224299,2.9169598357164137,1.3970676869612233,1.612226396453286,no_hand_wash
-8.995463724481132,-1.5740990098584908,1.8889043226509434,2.6725965760284915,1.3609528232901298,1.3135125513366572,no_hand_wash
-9.656755247205608,-1.5044233897196262,2.0939996052429906,2.5697489310944337,1.0603856844580444,1.5223873048860808,no_hand_wash
-8.681293372499999,-1.6280786937037035,2.2353610514814815,2.6907576926592034,0.8558507790703206,1.24574413383884,no_hand_wash
-9.784250144149532,-1.6314877460747663,2.2046098142429904,3.907138664718829,0.8752399181449223,1.4751956719983668,no_hand_wash
-9.938289553962262,-1.7643403616981133,2.0957305551339624,3.506937968850989,1.2493967686373921,1.5423643491306407,no_hand_wash
-9.852169193831777,-1.729303494271028,2.02335469413271,3.5593935323024435,1.27256439678716,1.7007277268051337,no_hand_wash
-9.737995485233643,-2.011385408224299,1.8116624910841117,3.486778545820336,1.7749611377232093,1.8570123359422375,no_hand_wash
-9.691060410747664,-2.216466861401869,1.8728409497504672,3.441928853628493,1.285482645792889,1.702601132037069,no_hand_wash
-9.45974515135849,-1.6799703350000004,1.5656131477424529,2.7044938424276364,1.2519986516133166,1.814569820781292,no_hand_wash
-9.726869053831773,-1.678417278878505,1.9888354250308413,3.6743826858863047,1.3869940498385338,1.790656313757384,no_hand_wash
-9.849918018457943,-1.4520730138971962,1.9467528124299063,3.6186223238701363,1.2053449111868468,1.8702609360040654,no_hand_wash
-9.870344183925237,-1.7204208857943923,2.0099308447383177,3.3930643612057745,0.995455104033636,1.830437230017814,no_hand_wash
-9.609742006981131,-1.8169106638679242,1.8844283028,3.2820531941176294,1.1519459862048633,1.799847229244308,no_hand_wash
-8.987071657648148,-1.5744146349074073,2.267229519166667,2.840399283690872,1.1334258580335599,1.5105158869990671,no_hand_wash
-9.203521125953271,-1.3472295180626164,2.1851688518971963,3.15699730617155,0.6891700816562919,1.313390045063055,no_hand_wash
-8.981518643224298,-1.7396874222429906,1.3431793146700932,2.671971012783805,0.7463475604438601,1.1442907256104555,no_hand_wash
-9.080909062084112,-1.8342024821495329,1.0347042594607474,2.200184188213941,0.5978511668630794,1.0721853923531586,no_hand_wash
-8.998828027962265,-1.903045593735849,1.2812951445283018,2.189228827690203,0.5248628612743437,0.7479321020918447,no_hand_wash
-9.01993335724299,-1.203870985046729,2.601405086635514,2.1849563308708184,0.5306192973746705,0.744466243981055,no_hand_wash
-9.137901624018692,-1.844679373485981,1.5432750865981308,2.1622102969358243,0.5943205758553716,0.6903916596447203,no_hand_wash
-8.938822319719627,-0.9205522959439251,2.6585142578317758,2.0459120846028975,0.650038453525679,0.8711773537216287,no_hand_wash
-9.02623853083019,-1.8123845196849058,1.9833534735801888,2.023167971255419,0.44080594438788784,0.47596523669383417,no_hand_wash
-9.1515596707757,-2.0257494845420565,2.041753801682243,1.9924419230766293,0.7974764868155959,0.9698630668286682,no_hand_wash
-2.5556377383037976,-7.514347617341771,1.9033401990506327,4.183335169502611,2.2694068398700393,1.3454382100678441,no_hand_wash
1.6958842527314815,-8.719932102092592,-0.7961711310833332,0.5664030378609525,2.2630272880810196,0.7752697008693007,no_hand_wash
1.643301079448598,-8.893221583018692,1.0787310326953272,0.46770195949010396,2.118997659675317,0.8562406272899761,no_hand_wash
1.0436049111308412,-8.86102782140187,2.432824588130841,0.2822573554642653,1.8450174279434244,0.5629094950328087,no_hand_wash
1.0819906154716978,-8.74391371216981,2.955551084622641,0.40021287024851393,1.9155462842774085,0.7947272093244243,no_hand_wash
2.1307775626168226,-8.654186789626168,2.485554532570093,0.6351592623046616,1.830177225693845,0.7848667500061414,no_hand_wash
1.5313404754579443,-8.714899456168224,2.834133193551402,1.1015111547341332,1.7582959573302852,0.9010232429261745,no_hand_wash
0.990088489275701,-8.799888819439252,2.8154902943364486,0.7097439891657562,1.877435868663756,1.137518587878008,no_hand_wash
2.087542141981132,-8.660807379726416,2.324611259301887,0.9845196062158267,2.0679363688219263,0.8000380045531068,no_hand_wash
1.5717450949158882,-8.503018167476636,3.1964565424299067,0.6434265245167534,2.1506370941357256,0.9512840154939382,no_hand_wash
2.1702535923831774,-8.745417643551402,1.9499331683121497,0.5474289577505834,2.0921608108090024,0.4864996991263819,no_hand_wash
1.6218471931682241,-8.644171315504673,2.7821431064672897,0.3941777028070368,2.0266071226232776,0.7522374970040059,no_hand_wash
1.246751528224299,-8.52614058,3.383107934364486,0.5516948440822252,2.2220020982481477,1.0633270291939318,no_hand_wash
1.8637982851121493,-8.874666312728971,1.5998823831962616,0.5683197205581398,2.2084592237773806,0.5716084568027519,no_hand_wash
1.926354663626168,-8.429326166230842,3.113549286471963,0.4469414102606776,1.8776781876203579,0.759008110383641,no_hand_wash
2.1106261641775697,-8.446852901523364,3.2164356372925234,0.47171310498960944,1.8899028776058624,0.7347081597253998,no_hand_wash
2.092107632490654,-8.43983201267757,3.2851662798317753,0.46795616982352634,1.876951339745209,0.7399745714122979,no_hand_wash
2.040897833254717,-8.415898298132076,3.4159553804622638,0.47095408287290313,1.8887046467006088,0.8243207865665174,no_hand_wash
1.9767373352897195,-8.469874251719625,3.2712496387102803,0.43394448823043874,1.8765625771178343,0.737287567096243,no_hand_wash
2.1444959156121497,-8.082640856168224,4.173917044009346,0.5315758148142338,1.8963986286693633,1.0474477806918765,no_hand_wash
0.8914706639999999,-8.17926385940187,4.5115716385887845,0.5240572855844406,1.8544355289158878,1.0481239882364388,no_hand_wash
1.1745271171037737,-8.269377099528302,4.2479937445000004,0.4026369985628736,1.8314706095038213,0.9551693064038798,no_hand_wash
1.1094375791495328,-8.127432131439251,4.509068065766355,0.40508141125054425,1.8257138925236733,1.0860451864203038,no_hand_wash
1.4977052813084113,-8.293900907495328,3.8905815805140187,0.40041340857745794,1.939450706980633,1.1121005200234724,no_hand_wash
0.9915866656481481,-8.041971479537038,4.6257801919629635,0.38113897516726014,1.9636164181751896,1.1834986733961739,no_hand_wash
0.6406750267669812,-8.477813925000001,3.9287781444528305,0.5394330598459455,2.0228825604543688,1.2575608704403658,no_hand_wash
0.7307397830738317,-8.652640567887849,2.7720748251401877,0.9473729523010933,2.0224655428629976,1.5554822225100113,no_hand_wash
1.4487803322990653,-8.880897244392523,1.1400556068411216,0.8481647685041647,2.1730217508391902,1.141776478436634,no_hand_wash
2.081919782886793,-8.634536339594339,2.4836941584433965,0.5568256223319061,2.04864767630237,0.8080659805236738,no_hand_wash
1.9947469758196261,-8.319765228411216,3.884723596542057,0.5001096381616699,1.8690191395856157,0.9014674440278942,no_hand_wash
1.6283164012336446,-8.439371717158878,3.586058984579439,0.42934672308233596,1.8104294520917041,0.8093543872178476,no_hand_wash
2.3695426323364486,-8.456852511542056,2.93318018717757,0.5612330946988876,1.8279967656857772,0.8556133555815617,no_hand_wash
2.464491308339622,-8.533954621226414,2.7083858497792455,0.6463331175917356,1.9721203821555395,1.1287858636956118,no_hand_wash
3.3535528834626174,-8.025479752570094,3.2268425997570094,0.8522365955545511,1.801322460171219,0.7613004015524203,no_hand_wash
3.3368496624579445,-8.177318287289719,2.760826126915888,0.7611000095132062,1.8303383475633495,0.6304247877153759,no_hand_wash
3.130550818196262,-8.320724356423364,2.7074450422336445,0.7036375644855806,1.8664674565871777,0.6406652258466422,no_hand_wash
3.5346039139345806,-8.055298689252337,2.722839518551402,0.8722833537308462,1.9732970086237787,0.6761193050046822,no_hand_wash
3.8049606345327094,-7.941451146432709,2.7670386070355146,0.8523703176091061,1.7681211468165576,0.6203713316633211,no_hand_wash
3.844198704582243,-7.924569486953271,2.920314215987851,0.8621651135178695,1.7700082796008407,0.6570870179822778,no_hand_wash
3.858359781476635,-7.930010797,2.8748077526682243,0.8554018976858196,1.7639337194056801,0.6458264110731058,no_hand_wash
4.145828042465753,-8.241590315068494,3.067232608219178,0.055360439429458626,0.07198689344111285,0.056540417737043436,no_hand_wash
4.063744439401869,-7.839953926439253,2.8419618806672897,0.9106623202399454,1.7424889486856776,0.6355762686728199,no_hand_wash
3.8129531018971963,-7.984407422149533,2.7901943309897197,0.914840144932219,1.8561301739120888,0.6241502315887462,no_hand_wash
3.0935872486415095,-8.042728854773586,3.4375949875000003,0.7563243452490657,1.8508198517764973,0.8794486236773644,no_hand_wash
3.1848267499999996,-7.889078031,3.7756973377383174,0.7482277099246819,1.7392270858388452,0.838824171355586,no_hand_wash
3.060134827485981,-7.984131328015888,3.83325765324299,0.6853397487943188,1.7456588383582916,0.8413168399039893,no_hand_wash
3.1204645380377354,-8.043734989999999,3.394462631056604,0.7210872939437387,1.7442870851898966,0.7886407692315578,no_hand_wash
3.5324209109252336,-8.061109386028038,3.0315882135607475,0.7965849060651373,1.782512874260031,0.6753293552548804,no_hand_wash
3.3013755257500006,-8.07289597014815,2.9631822614694445,0.832697144226032,2.0092359323306024,0.7460312814324943,no_hand_wash
3.26898734482243,-8.039119854018692,3.273891451990654,0.7194307370168613,1.7544875422911737,0.7255776259355279,no_hand_wash
3.4522727416226413,-7.9787119026490565,3.316792384518868,0.7782970478355852,1.7748116863253829,0.7506912071876374,no_hand_wash
3.431201186074767,-8.093153467383178,2.9916523897261684,0.8232435028774402,1.8807729388011807,0.6765187243664211,no_hand_wash
2.711361362112149,-8.123102330308411,3.583541973074767,0.6141308228185521,1.8348516613573815,0.8763556480576706,no_hand_wash
2.5180704474439253,-8.053138976457944,4.076905269943924,0.5798347977405729,1.7729494388530194,0.9003946735477695,no_hand_wash
2.721286251622641,-8.018245051037736,3.881235661198114,0.6118082888232311,1.7444427480764209,0.8687523690580728,no_hand_wash
3.300645856299065,-7.83570817775701,3.8503501780000007,0.7403261471959934,1.7607061314061472,0.8876718135957166,no_hand_wash
2.920906587448598,-7.58691407317757,3.6881704652336453,0.8396218322638637,1.960616097321909,0.9653831338392403,no_hand_wash
-7.1904246552631585,-4.145975391547368,2.4906553294736837,4.6396174048373435,3.5868996067848755,1.0300734613946683,no_hand_wash
-9.12203796648598,-1.3183010675205606,1.9338507141869161,1.998578407579397,1.0471416130590032,0.6776635461338643,no_hand_wash
-8.801787439064814,-2.1498615816759257,1.8809896967037034,2.1436017866945614,0.5328890436414647,0.47041731066433756,no_hand_wash
-8.915011960566037,-2.238044113981132,1.8229154193113208,1.9183749862927952,0.5077324087358378,0.396826697293575,no_hand_wash
-8.857921460560746,-2.19563324964486,1.9600708997850464,2.0141345796178762,0.528424808891038,0.4809824666380512,no_hand_wash
-8.948157785327103,-2.2806997750373834,1.6135483883831772,2.05397056598783,0.542014306269773,0.37851225960943957,no_hand_wash
-8.940947758224299,-2.153915937969159,1.6421493870467285,2.067244910581735,0.48904903969859287,0.45162333624506196,no_hand_wash
-8.872694079339622,-1.8594878292924526,2.3297790053301886,2.0820726205019424,0.5026668231719552,0.5644112337103374,no_hand_wash
-9.008233391074766,-2.1939154572897195,1.6471727552336453,2.2228054072376437,0.7139399782227142,0.6032592451960077,no_hand_wash
-8.97954798528972,-1.8946326859813085,1.9444182587570096,2.02796798445368,0.5914581636728986,0.8248481345505759,no_hand_wash
-8.846552565327103,-1.763063451121495,2.4028365097570097,1.9363770288155377,0.5060186398044486,0.6625204593406316,no_hand_wash
-9.014278580849057,-3.338877813698114,2.044773714056604,1.9398940417074573,2.1853949952719955,0.7877354747483883,no_hand_wash
1.0729869646565657,-7.981461036464647,0.04028423154242422,2.874401281112676,2.22299558248229,0.972050964680809,no_hand_wash
3.855735037443396,-8.123846246566037,-1.3116657526933964,0.8924585552590492,1.9349525883256933,0.40518066276872633,no_hand_wash
3.937386102203704,-8.053462651703704,0.24053219733981482,0.9261842019097302,1.9393539638834052,0.4190852864685821,no_hand_wash
4.084567880149533,-8.1566702984486,0.5669975571869159,0.9243904445136348,1.829857072045194,0.15579482596992814,no_hand_wash
3.9431803008317754,-8.213171156822428,0.6709373687439252,0.8843257297090236,1.8027796985278335,0.2265125614550762,no_hand_wash
4.016619463632075,-8.156807406301885,0.32791064893396227,0.9318605690331588,1.8301062764103342,0.29590292242322114,no_hand_wash
4.116090096894393,-8.09388019753271,-0.5976571429102804,0.9441294118709598,1.8198676691793092,0.23400012265881573,no_hand_wash
3.886012963,-8.18390093975701,-0.6105515369785046,0.8730111433584822,1.8306181937802324,0.15450085791034177,no_hand_wash
3.9057817606074763,-8.126178947327103,-0.6025706302429907,0.8868170614657702,1.8294696119719378,0.24187838175784457,no_hand_wash
3.1593867952830186,-8.605348601669812,-0.07495061278018868,0.7729577537217026,1.883159399774128,0.1409923159143404,no_hand_wash
3.7889104103177567,-8.156713508560749,-0.8013491462785046,0.9754107808591965,1.8609361031948861,0.41190279498706733,no_hand_wash
4.07102025553271,-8.05212116359813,-1.0296505050999998,0.9250346065951959,1.8095936141295552,0.2707818965274933,no_hand_wash
3.654392626803738,-8.229268702397196,-0.6857658003177572,0.8241579193017051,1.850178535672211,0.429083679636863,no_hand_wash
3.4427538698345805,-8.339671014327102,-0.23618071438317756,0.868596148170554,2.043338971345549,0.1665905936428067,no_hand_wash
3.230448998598131,-8.502507211962616,-0.2657328469859813,0.7979521600929145,1.884378776184352,0.15765577747985945,no_hand_wash
3.359529077383177,-8.340948511897196,-0.9445773850700934,0.8340679632806339,1.9723063696289942,0.4469455865445419,no_hand_wash
3.896934234439252,-8.145538733738316,-1.4591465832056076,0.8745855746238717,1.7741716131667753,0.40673592027531397,no_hand_wash
2.785662212830189,-8.558683990990566,-0.7665410459084905,0.7284016294836428,1.93002575602309,0.40368610005159583,no_hand_wash
3.5278047271495327,-8.257879284859813,-0.8768360052962616,0.8129331092678163,1.8792839047927539,0.2688941930294181,no_hand_wash
3.556969550607477,-8.303089158728971,-0.8251489062429908,0.7962168776521726,1.8467173090911,0.19973811981434134,no_hand_wash
3.6080515418878507,-8.296901836443926,-0.7044444388654206,0.8015251387539055,1.8429158985209735,0.17485521572423288,no_hand_wash
3.713373602198113,-8.245108202465094,-0.6398762263518868,0.8272642628686706,1.8544985063384298,0.19017894627547677,no_hand_wash
3.408252648219626,-8.429820740018691,-0.2743694650252336,0.7857656079761752,1.870450055407327,0.17233355404262266,no_hand_wash
2.977352575429907,-8.569844965271027,-0.45233400372429905,0.753362814653609,1.8674612040260339,0.16029982281603605,no_hand_wash
3.188065408280374,-8.408164456130843,-0.7209310587476636,0.9384776269029853,1.865576203051891,0.25693209202211864,no_hand_wash
3.9629526118971965,-7.996330483373831,-1.218131209542056,0.9739155817616563,1.9363140468972444,0.3153081851058594,no_hand_wash
3.876541339906542,-8.067460714299065,-1.1595721174299065,0.9142218988468925,1.8383065949695623,0.29097941129461086,no_hand_wash
3.6046516520560745,-8.224181353971963,-1.3348982942897196,0.8363809653330206,1.8760012140935334,0.3568313309857495,no_hand_wash
3.2716363747943924,-8.405489182560748,-0.5686987051214953,0.7686008159762882,1.9239976698496088,0.3436763525097843,no_hand_wash
3.1916880170283015,-8.493588815216981,0.025082485737735853,0.7342199931416776,1.8984130073508902,0.12409927432620935,no_hand_wash
3.353507564560747,-8.457403855794391,-0.1878674462700935,0.7865045404694111,1.856312270316072,0.20263288792544443,no_hand_wash
3.568840696897196,-8.321967429252338,-0.6842056868317759,0.8212119906108767,1.8602775027059877,0.30750936537006257,no_hand_wash
3.707362123037384,-8.226273383327104,-0.8881396821214953,0.840318521429223,1.8595007488404243,0.25145084623503194,no_hand_wash
3.2200990784953274,-8.44242658664486,-0.633890575682243,0.7511165867871354,1.9233257948109204,0.3106548957251552,no_hand_wash
3.0055645682452834,-8.6190138025,-0.32199504238773585,0.6980581688470002,1.883789789278552,0.17399192644679043,no_hand_wash
3.527814467663552,-8.302249214925233,-0.7000988292990655,0.8318215342500308,1.8199663341378178,0.2655538254640616,no_hand_wash
3.638074059925926,-8.155935188282408,-0.9485927598518517,0.8944625686167607,1.98438725807427,0.26133577001497854,no_hand_wash
3.7599190928504673,-8.170777044953269,-0.9906321746074765,0.8514621831327666,1.8354767115175221,0.2412506712285204,no_hand_wash
3.8366748345518866,-8.119465446084908,-1.0717280031226415,0.8808532341465243,1.8744561548235472,0.2961771394631336,no_hand_wash
3.2398847443242995,-8.42172165411215,-0.6334702447878505,0.7974207238982995,1.9494138781013701,0.3615490070030166,no_hand_wash
3.126262283346667,-8.73822299992,-0.14951916510666666,0.5396830028648851,1.450807131504759,0.09753944646484443,no_hand_wash
3.20554048587037,-8.426216457592592,-0.45389380587685185,0.866277707647666,2.10021456772615,0.3146345672035603,no_hand_wash
3.920564778785047,-7.992775982990653,-1.0782361442990653,0.9606581779112642,1.9113912000630844,0.343269947738447,no_hand_wash
0.66344881364486,-7.539819146859813,0.7236974489719626,3.7406697734370504,2.7409106736559097,1.7316986859469456,no_hand_wash
-9.910327795,-1.344727791403846,1.9328635579807694,2.669005038404575,1.783538142293397,1.056997802114748,no_hand_wash
-8.993698011401868,-1.0115443426102804,2.0982960603738317,2.014095197041139,0.706118202776092,0.6764392634324051,no_hand_wash
-8.992283329962264,-2.26455992325,1.6527814503207545,2.0084033813492006,0.5267502305768694,0.3738917224772561,no_hand_wash
-8.95958864961682,-2.2355735321495325,1.577145827,1.9850601489244213,0.5604006463047522,0.40321404012068496,no_hand_wash
-8.893649024953271,-2.209262122317757,1.6718434459252332,2.009466239343728,0.5727617057874954,0.5511113244959889,no_hand_wash
-8.88184245961215,-2.2057778286700933,1.9171375418831778,1.971691648133152,0.4938828380656731,0.4344513272518304,no_hand_wash
-8.935494162547169,-2.042657191674528,1.8603732188254714,2.00809996927267,0.5517970705349515,0.49166373390157997,no_hand_wash
-8.93209594633645,-2.0693964936168228,1.836271800084112,2.0152092429465207,0.5491604194719171,0.49191181919248056,no_hand_wash
-8.84066278248426,-2.0718920872129627,1.8226135380157404,2.1605577745325824,0.5035949526365469,0.4477039629425995,no_hand_wash
-8.924301156406543,-2.110850963387851,1.8168735507476639,1.9990449326227662,0.48842881493607776,0.41855531705170795,no_hand_wash
-9.1580020082243,-2.6581956007476633,2.3484213703738317,2.4116925501236848,1.1797645993301276,1.7338556083548453,no_hand_wash
-3.0476928869339623,0.7676829324594341,8.541065140471698,1.7349319378127448,1.1113209526365777,2.3112744594751096,no_hand_wash
-1.5338026610710278,1.9528627037570097,9.589700937112148,0.4337885437169584,0.4662875560340733,2.119093869217899,no_hand_wash
-1.5106918238364488,1.9334263637887854,9.606659738990654,0.36802720036084763,0.4878196686366113,2.163554615234733,no_hand_wash
-1.7010815315280376,1.5478007647102807,9.657295000939254,0.3816923449372111,0.36904170323923147,2.154030178470397,no_hand_wash
-4.1335435667924525,0.4437369581066038,8.314992788207546,2.6426726183187985,1.0126383916248902,2.0646879076235924,no_hand_wash
-8.900358569747475,-1.274138967919192,3.598858012313131,1.9777856742667317,0.737425153755191,1.2031754215843573,no_hand_wash
-8.98861733415534,-1.705885225339806,2.256896800262136,2.079292873106242,0.44609193922618473,0.5705742865358615,no_hand_wash
-8.90914037781132,-1.752745657273585,2.2570012903160377,1.98549032810003,0.408124401389554,0.5139938584250087,no_hand_wash
-8.872993098512037,-1.7553425799009261,2.2263853389499997,2.1615753326563203,0.42578705582093446,0.5459318496738169,no_hand_wash
-8.923087545682241,-1.7253562820186918,2.429771834317757,1.9812486301298908,0.38695167796445573,0.5511183775085702,no_hand_wash
-8.941347636299065,-1.6713766170214954,2.292539023289719,1.98288940898998,0.37968758876050185,0.5155416561287457,no_hand_wash
-8.945158560773587,-1.7397477710160376,2.2757311186849054,2.006424610833998,0.3917661182100994,0.5191070602758766,no_hand_wash
-8.939067941869158,-1.7047330372242988,2.344580962725234,1.9922619083877469,0.3862389232895762,0.5272184631909687,no_hand_wash
-8.935239254766357,-1.769532617342056,2.292291375817757,2.0302621379099466,0.4206745848714849,0.5206558567991538,no_hand_wash
-9.090150589570094,-2.4912180951869156,2.280796135009346,2.0900985218919046,1.250690236273829,1.0159872342302465,no_hand_wash
-0.389992971073,-6.872663344300001,4.10327878215,3.9656824790848573,1.7423498776777442,1.402833505307505,no_hand_wash
3.146424181764151,-8.477838280792453,1.8943685387452829,0.6915055486605654,1.9035798619508957,0.5189039110586342,no_hand_wash
3.0560049493177566,-8.41242505036729,2.088643155327103,0.6890248634041238,1.8766168927832994,0.491225262925992,no_hand_wash
3.2650703660280374,-8.397207074672895,1.8566488792242992,0.7735252754660724,1.9272930127847276,0.5405995019100088,no_hand_wash
3.660536812682243,-8.269518753439254,1.441221712411215,0.8455164940585616,1.877974213383597,0.36633375043578786,no_hand_wash
3.4794691387289713,-8.462279760411215,0.8591180523551403,0.8560900424917722,2.089510615192054,0.37228171040058655,no_hand_wash
3.061604195934579,-8.277848828831775,2.3282243357429904,0.6547884467578997,1.7972953860482828,0.867814129726671,no_hand_wash
3.029105030414953,-8.174679635046727,3.1545882190000007,0.6737421347334603,1.817272760978706,0.7158569619099867,no_hand_wash
3.210719516383177,-8.089957540859812,3.240839605429906,0.724441950578995,1.8056784285432554,0.7325675151266104,no_hand_wash
3.2688670381745286,-8.090916994066037,3.1421427376933964,0.7321889163950196,1.8080306669883606,0.7095733859236001,no_hand_wash
3.292552513294392,-8.093313576850466,3.1187677562775704,0.7348989736318434,1.7992679077757454,0.6978850694108973,no_hand_wash
2.884259886504673,-8.235838741196261,3.11293122235514,0.7654654051593713,1.8018281451762372,0.6657918533024896,no_hand_wash
2.702814274336448,-8.278270348971962,3.073307613943925,0.866150597288288,1.794292985333192,0.8300418885884917,no_hand_wash
3.910059111742991,-8.126151062616824,2.022008182560748,0.9381385754571453,1.8322201159328955,0.5812641979995758,no_hand_wash
3.881524724933963,-8.125558923254715,1.9839861913584904,0.8612712446479104,1.800733076936976,0.4691727577777492,no_hand_wash
3.692324631420561,-8.180894808018692,2.120299623682243,0.8316013098137415,1.8350644686773319,0.47350346286075673,no_hand_wash
3.132507945132408,-8.240539401249999,2.3761269210694445,0.8761021799055202,2.100747616253726,0.6505493490961383,no_hand_wash
2.333749739551402,-8.317522238785047,3.3253476922056073,0.5276743218016569,1.7844996090060035,0.7561618389887178,no_hand_wash
2.5838621515420557,-8.35152445140187,3.3167936134672886,0.5739749504159581,1.7906827083810029,0.7614743469255213,no_hand_wash
3.4820452564150943,-8.132843611801887,2.4888071166981134,0.8085965929705942,1.8223631296771328,0.6245709581628198,no_hand_wash
3.6733135309093456,-8.136605179317757,2.45930281690187,0.8239932633562098,1.8250316641683397,0.5742858295975954,no_hand_wash
3.3942204457943927,-8.246542840280375,2.328698944074766,0.8174736656639168,1.928747526494208,0.5337436089178204,no_hand_wash
2.8337649372570093,-8.344647733224297,2.761467753161682,0.6375095739364486,1.860402909342707,0.7160400070590217,no_hand_wash
2.6141741479783027,-8.19329438981132,3.498915972921698,0.6427634318725494,1.8408415525363606,0.7963705948731928,no_hand_wash
2.521767684102804,-8.311197862149532,3.438962649018692,0.5506473760179369,1.7505953375454637,0.7489251009238784,no_hand_wash
2.844055206424299,-8.35428467364486,2.711035575831776,0.6870972084562325,1.8407033459951314,0.6636429702207461,no_hand_wash
3.1192179950934578,-8.331200152663552,2.413792994617757,0.7256500640315087,1.8859634903933804,0.57402053372508,no_hand_wash
2.9026808907592594,-8.192385600648148,2.334745690824074,0.8037026816716198,2.1393245113132906,0.5704583004719621,no_hand_wash
-5.904631417457303,-3.982275820786516,3.7912183014606744,5.334918161110299,3.5289659260785267,1.3318230556097892,no_hand_wash
-8.936970876893204,-1.8776444788349511,2.459585947509709,1.9974474510787916,0.6312228463297404,0.5648226643246999,no_hand_wash
-8.812723564971963,-2.3366161917102803,2.0210463424579443,2.1179684622698627,0.8041189122608685,0.6334409304534506,no_hand_wash
-9.049099438504673,-2.322926609719626,0.788175238364486,2.0417058344963173,0.6038349829207923,0.4945725112302649,no_hand_wash
-8.973439088233645,-2.1195286808411216,1.6505443765981311,2.029067459064116,0.5762931765408362,0.550280454563776,no_hand_wash
-8.96702588443396,-1.777445882075472,2.093582099575472,1.9787270604270024,0.482234462676105,0.4892449130842142,no_hand_wash
-8.95647049542056,-1.562309302897196,2.4956670120280373,1.9695547579573538,0.43856728977217635,0.6649265464621159,no_hand_wash
-8.964190853084112,-1.7644915483271029,2.0794869155700937,1.9996366254891496,0.5300204754142163,0.5064900732005648,no_hand_wash
-8.977153792532711,-2.099990718308411,1.711883702962617,1.9921000574046324,0.48649275670808784,0.4357518530495748,no_hand_wash
-8.936409804563207,-2.138472090537736,1.7572691257924526,2.0028941900903523,0.48491786029599476,0.39973618258448884,no_hand_wash
-8.92542762964486,-2.087926222598131,1.773368934324299,1.989780872206565,0.47186373383116714,0.39766924153086214,no_hand_wash
-8.873751719262037,-2.052307742314815,1.7241752285185183,2.1638893040937233,0.5039982927652672,0.42631585946587025,no_hand_wash
-8.947618531997197,-2.069140648224299,1.7173036401327106,1.9929469704692269,0.4601006369537946,0.38647893237775266,no_hand_wash
-8.943000346880188,-2.065045561632075,1.7525291322075471,2.0005355610541398,0.46580147148694806,0.39499189531428386,no_hand_wash
-8.946570124933647,-2.087642715993458,1.7262060924831775,1.9936006189038529,0.4662053678521049,0.3885151716502141,no_hand_wash
-8.944377909949532,-2.0597828600467287,1.7558144068495327,1.9922371979237798,0.4592139708075651,0.3931829234339135,no_hand_wash
-8.959391387392523,-2.026581250565421,1.7266551466588786,1.9846623266785495,0.44955425384411635,0.38534367458618224,no_hand_wash
-8.949424604429908,-2.0738781183644863,1.7490865702523364,1.9983505489768902,0.4734873022405849,0.40051163863523376,no_hand_wash
-8.963507577943396,-1.9929295957924527,1.7702583518820756,2.0036446997168182,0.4476894424986722,0.40724149626335365,no_hand_wash
-8.960251767074768,-1.9548331130794394,1.8634694482149532,1.99154762798078,0.47383720597213186,0.4527170072223634,no_hand_wash
-9.0192546875486,-2.0542802685981307,1.6004625529906542,2.0905205495329664,0.4967103997970345,0.42272299566890253,no_hand_wash
-9.012326818598133,-0.9627546501028037,1.8432743804158878,2.106978721670684,0.7939175356183316,0.7079869013101461,no_hand_wash
-9.012100604537036,-1.5422497187277775,2.1230555719509256,2.249807037738265,0.7317984351732253,0.6489224134300973,no_hand_wash
-8.968462563066037,-1.627576489238679,1.9900155636320755,2.0474464119555793,0.38525433732951947,0.5127548823290087,no_hand_wash
-9.067513142242989,-1.4570892396635513,2.300496099588785,1.9582770075945297,0.44229062433136224,0.5405886702658355,no_hand_wash
-8.907443444037382,-1.7444481248598134,2.215444766915888,1.9536883861044405,0.5304491186919,0.6609685735652631,no_hand_wash
-9.023866871028037,-1.8092708846355143,1.9908948297504672,2.019996479335901,0.4842697807630524,0.49698986063135087,no_hand_wash
-9.007360980764151,-2.038335047264151,1.6586820812830194,2.110007320145397,0.49219909292173386,0.47819976868702296,no_hand_wash
-8.957675414328973,-1.7600202122336448,1.7717097738943925,2.0367845098981894,0.4605422659836047,0.5655984231898017,no_hand_wash
-8.99031956459813,-1.3989952850373828,2.5747110002523366,1.9942754075354954,0.33889201475975333,0.6394314417482655,no_hand_wash
-8.949554612299066,-1.3068859786822433,2.616198135990653,1.9573453306209991,0.32736392272038034,0.5809570778353604,no_hand_wash
-9.066861568411216,-1.4391761340654206,3.234511808436448,2.1741424148341704,0.721022394726862,1.1312344369255007,no_hand_wash
-4.418135490820755,2.17566922245283,7.540760167386792,2.7338748965189303,1.019603604752102,1.99615615153539,no_hand_wash
-2.729728257166667,1.872743990648148,9.60529060740741,0.835939525942308,0.6979481029765506,2.49107588080174,no_hand_wash
-1.1693848701915095,3.1070159720754718,9.216047501292454,0.6030418256476969,0.8741325419089155,2.0153850731903753,no_hand_wash
-4.759219168224299,-6.687647963644859,-1.2240001017476638,2.8781604136732803,3.045357936738739,5.143236374174688,hand_wash
-3.66055466364486,-5.488988293514018,-5.599820495093458,1.6316880861780354,1.8043330999382103,1.7600933902604055,hand_wash
-5.051816565238096,-6.991774998,-0.49591445971428566,2.329616708909671,3.3184265557556807,3.3462003370888267,hand_wash
-4.446768381254717,-6.788344597358491,-4.196296169353773,2.368397419219186,2.95286757828533,2.9061289267969337,hand_wash
-4.796958205233645,-6.184550726878506,-3.043483265785047,1.9383542571954349,2.871169470407301,3.04424237487053,hand_wash
-4.503795133238095,-6.730192757190476,-0.5478143892571428,1.7446746774770432,2.51198237247184,3.841090172052081,hand_wash
-5.07964614271028,-6.054751721962617,-1.825697872196262,2.4289409609119064,2.8811141655180297,5.342108479268418,hand_wash
-5.201711929906542,-3.697853561850467,6.72432713427757,4.625891738050126,4.030928437672981,4.544571613379123,hand_wash
-4.313447495327103,-6.694609943271028,-2.2557738220934582,2.60066159879042,2.5615378394278694,4.379324834277521,hand_wash
-4.771181698411215,-4.95385814093458,-5.49824036388785,2.129048059834365,1.9695573215181599,2.3598542448097497,hand_wash
-5.229623692476191,-7.065205157561904,-0.7499764927619048,1.806807079709329,2.2610202286104166,2.5214411234442276,hand_wash
-5.004018085607476,-6.796523520093459,-3.5519685432710273,2.134787189155463,2.175679107351921,2.2562152786888277,hand_wash
-5.073333743999999,-5.264517399961906,-4.42530535847619,1.648040199287778,2.2365581828268484,2.0311036458653753,hand_wash
-5.327047896792453,-5.874001976075472,-0.07635497830188673,2.0500004597027566,3.7903535238482213,5.253383916629414,hand_wash
-4.971084448528303,-5.82166018009434,-4.149421273584905,2.070864597905398,3.220443717358547,2.1576730058454188,hand_wash
-5.803538373831777,-5.065382475570092,2.2411555872897195,2.464406176592375,3.233898581055564,5.952526315322101,hand_wash
-5.656562126542057,-2.522568021775701,7.145251024485982,3.315371683845412,3.9599747989538625,4.689039349052375,hand_wash
-5.456932309616822,-2.047912152242991,7.689794116850467,1.87035468964514,0.8681772611237579,1.8101995616708937,hand_wash
-4.913896828442056,-0.2447262607607477,8.46670839838318,1.2322812747320333,0.3931224019958251,1.9189610586460981,hand_wash
-4.997932800611111,-0.41233470968981495,8.34438675479352,1.2197742853634101,0.14462024400366538,2.0372057951532216,hand_wash
-4.751745700672898,-6.02049780457944,0.4715112738504674,2.6427790609326025,3.102466839345621,5.8579080658879725,hand_wash
-5.17539006962264,-5.7853266391981135,-4.384298496471698,2.196347236854088,2.051187280023194,1.6712560884035739,hand_wash
-5.241175971698113,-7.100447861226416,0.4489952945283019,2.047907274468258,2.5567051721563288,2.7444841391984265,hand_wash
-4.988947961037736,-6.736811341792451,-2.997365144858491,1.952873035112464,2.483085485043503,2.6039831495697943,hand_wash
-5.65695935046729,-5.335331772803738,-0.9164566356074769,2.19834665495216,3.1476639647100813,5.17615051927725,hand_wash
-5.1608396038095234,-6.552592748190476,-1.0322113585190478,1.9027749851106237,3.067131694611098,4.164410121176274,hand_wash
-5.085480171132075,-6.376523804584906,-3.1415111269150944,1.7078327839807694,2.6560039871506596,2.873371166123496,hand_wash
-4.985789852336449,-6.940595211401868,-1.1321560666728971,2.1651758954832165,2.4774274080103864,2.9497784921685524,hand_wash
-5.571727445327102,-5.125643951869159,4.979223378925234,3.868799687953763,3.677153805782827,4.5182292384459215,hand_wash
-5.454629115560747,-1.5398535144392522,7.5927030873504675,4.710875044751299,2.997951369575083,3.9152899944567,hand_wash
-5.21804279864151,-0.7029583781698113,8.252034349801887,1.2722357706079337,0.5216407606153118,1.8327317678263817,hand_wash
-4.909839008555555,-0.25525657515925926,8.392019049314815,1.2050361594321297,0.15743132695541,2.0472704285505245,hand_wash
-5.124686084626169,-0.3315544986831776,8.367207901154206,1.4720166942932933,0.2418588775308353,1.8752020040222923,hand_wash
-5.153470437757011,-0.06554156418317757,8.335848454401868,1.4414836499266888,0.8648963675796263,1.9264516562834697,hand_wash
-4.988816663084112,0.1036570686046729,8.515846403504673,1.2545211063932167,0.2668934363744161,1.9326938846271242,hand_wash
-5.057541868495328,-0.006614290409345797,8.43191224093458,1.1393712948968118,0.2271988384390455,1.8891131340294598,hand_wash
-5.1396187529245285,-0.083902338504717,8.372094628719811,1.1519061152762156,0.10041349364758874,1.8723371533672608,hand_wash
-4.908715453607476,-6.412045378878504,-1.0315812057943927,2.508191623572764,2.8662983516853475,5.0953247059711195,hand_wash
-4.3763136768867925,-6.232603569811321,-3.4811088672830186,2.11537172373972,2.9470939508227514,3.3896369232754324,hand_wash
-4.877209022924528,-6.482693351254717,-1.1790036872896226,1.6089678528578215,3.0799066962537394,3.8990478934225314,hand_wash
-4.751038594339621,-6.541260425754717,-3.1426081888141506,1.6297965295495773,2.3860172194443297,2.9133710331188563,hand_wash
-5.164232271682244,-5.772398057757009,-2.2136269324766356,1.9413903541141624,2.613955515062018,4.13784779569465,hand_wash
-5.1138652266666655,-5.771827619904761,-1.5075750164761905,1.8454609139981333,3.4291097374464976,4.758971586217569,hand_wash
-5.188283980560748,-5.743903484056076,-3.468163994607477,1.4332439331598326,2.3340726151471936,2.726883443018395,hand_wash
-6.109935526666667,-6.39954794152381,2.984717382295238,2.282983762480413,3.0768014247127247,4.091755835951534,hand_wash
-4.29815741406542,-4.05141507153271,6.214956626635514,8.39537659278442,7.207265553306577,6.180540149442569,hand_wash
-5.065484659906542,-0.6897722070962617,8.297848237028036,1.4059835776434113,0.7273661661849761,1.9636294633730003,hand_wash
-4.212755583,-7.536727235514018,-0.3677620110186915,2.7937000187747647,3.378359046040114,4.17925996178453,hand_wash
-4.380282151320755,-5.7200253617924535,-5.25974213464151,2.251991428816476,2.634880072925814,2.539825194155796,hand_wash
-4.9454707976415095,-6.094713929066037,-2.558019351443396,1.9206975799972934,2.8197639112017656,3.9494939701655007,hand_wash
-4.706685122169811,-7.125439790886793,-2.3761023926415095,1.8380451046432282,2.227693823317038,2.463529434797114,hand_wash
-4.527142523584906,-6.729405188584905,-3.487308940471697,1.6268824443522751,2.5605635214340023,2.177100335803598,hand_wash
-4.880134850093458,-5.766324224542056,-3.8910276896261684,2.0643435048075407,2.4943987141305173,3.0387816396364657,hand_wash
-4.906294091428572,-6.812388708047619,0.8322353298999999,2.081184574757316,2.5038929067704516,3.121238611539651,hand_wash
-4.973873801320756,-6.925634974622642,-3.26883071900283,2.068510381367353,3.058129182502766,2.091955525282567,hand_wash
-5.228580966037735,-6.575635006660377,-2.571611811603774,1.9208934038011114,3.568420548511512,3.1227561616292165,hand_wash
-5.257655950663552,-4.409831203738317,6.184406894373832,5.8124375958853935,6.386315298009712,5.670692090777488,hand_wash
-4.201061113130841,-0.6051869563710279,8.059388297168224,6.805051665927293,3.4643541927544983,5.551754827778318,hand_wash
-4.708426208504673,-6.226335147719626,-1.4671005658878502,2.1226068431950176,2.9353161125962095,5.4297453747899915,hand_wash
-4.014585826981132,-5.788644653301887,-5.089694944339623,2.274919518528654,3.007341214077857,2.9267683181951405,hand_wash
-5.311942084528302,-6.265852987264151,-1.491178629335849,1.9247891208550405,2.9462911265763285,3.994384114783604,hand_wash
-3.962896613396227,-6.84937360981132,-3.793315831811321,2.1268388856182985,2.689974116078114,2.750105974940288,hand_wash
-4.496355741509434,-5.769466293018867,-4.9377497568867925,1.9122518301264941,2.5879708169368154,2.1325509415892485,hand_wash
-4.670887432075472,-6.063085775660378,-0.3224358048301888,2.361757759975534,3.8794922064555135,5.326120278390332,hand_wash
-4.865927037075472,-6.5030461836792455,-3.1328046722641516,2.3922688402823837,3.259561992193876,3.0860722871445727,hand_wash
-5.144575040566037,-5.565203569622642,3.9522624967924536,4.719981771804595,4.318134362039158,5.981045754004977,hand_wash
-4.428761608691589,-2.7728529184112145,7.600715711724298,9.347444262810248,6.722192100152493,7.030937758442871,hand_wash
-4.478634586261683,-6.030765849532712,-1.813408556728972,2.7057879405496843,3.2356928632882824,5.000340752375629,hand_wash
-4.004835009252337,-6.074730774018691,-4.93271864046729,2.2889643600661755,2.7590271842798177,2.8837647907752353,hand_wash
-5.173038234571428,-6.216230216714286,-2.488243369266667,1.7271119063134623,2.629939170223786,3.610602974514787,hand_wash
-4.39733041386916,-7.3064056842056075,-3.200253367028037,1.5071951090905082,2.281966521135689,1.578110915399111,hand_wash
-4.2560208149532714,-6.643650836635515,-3.930521740093458,1.564156001049232,3.0316042535399204,2.284459202041742,hand_wash
-4.842781860093457,-5.4612917275046735,-3.327325576168224,1.9444323957038978,2.629588430601888,4.17791884199142,hand_wash
-4.287189383495146,-5.828982217281554,-1.5740020732038833,2.0488899829853544,3.7381462383204593,5.450428197938406,hand_wash
-4.737094096542056,-6.579825485046728,-2.8701531098598134,2.0817657939168863,3.1540442721044717,3.4449983205861123,hand_wash
-5.308390841485714,-7.594779882666667,0.7491815659619048,2.029949382621529,2.6473397839983086,2.8951001310342215,hand_wash
-4.132319349579439,-3.3909013841121496,6.48861372217757,6.697072627133327,6.5873046352576665,5.343636959886006,hand_wash
-4.418846300280373,-6.511601469401869,-2.162035467308411,3.218371581198602,3.034894076572245,4.830909160118836,hand_wash
-4.608695765327103,-4.791603991588785,-6.136001570598132,2.2096222471055516,2.4827528090675166,2.8380359077199797,hand_wash
-5.013548385471698,-5.461406088113208,-4.057334948867925,1.851275330883271,3.125933473469542,3.3828717882552874,hand_wash
-4.706773583714286,-6.7958497634285715,-2.3240494777238094,2.1036270092337035,2.3190953418423046,3.5237963409294895,hand_wash
-4.624833550467289,-5.226870932897197,-5.2375137149532724,1.787454669480481,2.740473507651514,2.3359258393561517,hand_wash
-5.635853093333332,-5.187704318647618,-1.8059607747619049,1.908736187921209,2.918058328006201,4.6042457488347575,hand_wash
-4.917328825566037,-5.433220723716981,-4.626426213301888,1.9136719759183076,3.355062573512423,2.823283705567635,hand_wash
-5.5550860047663555,-6.011220798504673,1.7873465277570093,4.002369198646655,4.892102924503779,6.395229899086414,hand_wash
-4.933723693121496,-2.0960932604299067,6.893169886355141,6.3765768167954535,6.146412432762467,5.834811825606006,hand_wash
-4.71168815186916,-6.341813526635514,-2.180402958906542,2.358074947731174,3.0958406382280663,4.8672186632352705,hand_wash
-4.697709874579439,-5.587029307196261,-4.607675562841122,1.7509853024202715,2.5306171423897514,3.0981006608037522,hand_wash
-5.080226229523809,-6.739444273485715,-2.2258785612114287,1.937626463994901,2.4446493541057066,3.190038304553783,hand_wash
-4.41884406682243,-5.056405903205607,-5.489776026588785,1.3996936427885975,2.104720725994324,1.917718736992092,hand_wash
-5.53570122598131,-5.0788948765607485,-1.2552915459345795,2.2192882752403587,2.9840026705659524,5.115998794327097,hand_wash
-5.099040402211538,-5.993738985192308,-3.836101265759616,2.162095520191876,4.285436055355356,3.6070210675687577,hand_wash
-5.9261695682242985,-5.424744072813084,-0.25450003886915884,2.074845541001591,2.941846486062678,5.3102200691561015,hand_wash
-4.814635232429906,-3.2866001238598126,6.968020550971962,3.896729363455507,4.293764194740674,4.244552437187204,hand_wash
-4.410566535495327,-7.171389903551401,-1.2735443933925235,3.5832335118529133,3.327497859142336,4.869131043906209,hand_wash
-4.7705770245283015,-5.615972049320755,-5.060310696886792,2.2482921589001044,2.481528639925407,3.0786823810049926,hand_wash
-5.3215166550943405,-6.1112615661415095,-2.4727394550566038,1.8656160037097134,3.116657182798703,3.952306915686506,hand_wash
-4.125968768373832,-6.725194118299066,-3.5411189115981316,2.3656660901902082,3.3800240643609345,3.1119431855927666,hand_wash
-4.8570634323809525,-5.669896338761904,-4.743816932895238,1.7147216143795792,2.599283083447887,2.364097987394889,hand_wash
-5.291543292452832,-5.941313245481133,-0.24547555401886786,2.266256157891473,3.289628184101704,4.867036221486955,hand_wash
-5.082737616981133,-5.8200290178867915,-4.1284739994245285,1.7742388111285141,2.6742499908447157,2.391078271478699,hand_wash
-4.810944030224299,-6.027542059149531,3.681091370953271,4.015587441356589,4.887537004222293,4.621102925905981,hand_wash
-4.901402175560747,-2.162744684514019,7.551466328504672,8.711964770491504,6.791089929511709,6.406152813377828,hand_wash
-5.271119641495328,-7.190736803177569,-1.885303786775701,3.3112643889289797,3.3357263112505398,4.423877642041357,hand_wash
-3.8630622077735843,-4.039239136320755,-6.48058085018868,2.2819135988227313,2.0465250359794602,2.9263156265342953,hand_wash
-5.448889405607476,-5.338227141570094,-3.4196021106542056,2.074470655018578,2.910118450017215,3.2631338669279635,hand_wash
-4.361368218571428,-6.207607577428571,-4.082581646857142,2.234873780890027,2.233773840988161,2.5819250038488724,hand_wash
-4.92494945409434,-5.102111397547168,-5.31735114,1.634745611633292,3.11637591884048,2.491135501411356,hand_wash
-5.383903238317756,-5.914509227429907,-0.6468543282429907,2.348078824433345,3.665580977892257,5.544710791674036,hand_wash
-4.919507616415094,-5.52442860490566,-3.529703671377358,2.266648157769484,2.921567525084687,4.101499133689725,hand_wash
-5.57284248971698,-4.0121747723018855,5.246646283820755,6.759019896474173,5.4394683951537,5.21393206507677,hand_wash
-5.111774071886793,-6.323090439339623,-1.759303741264151,3.1224061500237035,2.5518524410552135,4.886069472459516,hand_wash
-4.140126060330841,-4.926959033757009,-6.082762904866355,2.7233944994356527,3.5683130777004286,2.930240175769923,hand_wash
-5.197495862075471,-5.475146318301887,-3.0940611643207547,2.032328245696684,3.6435659824983198,4.222710411583779,hand_wash
-4.190615415566037,-6.463868787547169,-4.100319519047169,2.0813637461973142,2.5044096473819257,2.919662885101135,hand_wash
-4.92404517317757,-4.79066222357944,-5.479700938878505,1.7300029049413275,2.96199229958261,2.632926561142305,hand_wash
-5.265028329439252,-5.821962752713084,-1.097515131271028,2.639027012446072,4.285613107119751,6.311004076497748,hand_wash
-4.458415247115385,-6.108667396384616,-3.769755106701923,1.774960359837633,3.5274728171708385,2.9797015536702123,hand_wash
-5.620397406886793,-5.54306595881132,0.08554778650943409,2.7516385258404625,3.474962978792764,6.869620506358741,hand_wash
-4.093846944071962,-3.416273549205608,6.226950076476635,10.231906001531462,7.42252162434753,6.7593246985152735,hand_wash
-5.192904250682243,-6.764821936261681,-1.866274805775701,2.873747613627578,3.0597154688611,4.192042492280585,hand_wash
-4.550377280943396,-5.003616152443396,-5.842037773613207,2.096371205911476,2.61303021373479,2.3470001383056402,hand_wash
-5.3593690049669815,-5.332393142396225,-3.4074108268867924,2.0280554373759223,3.372297760488094,3.5307096552179322,hand_wash
-4.371487495245283,-5.786533811457548,-4.631266736075473,2.5856181568506877,2.7161536713496606,3.2084734897596756,hand_wash
-4.991279866981132,-5.281063878830189,-4.907835956396227,2.20577219162953,3.30755040909494,2.9054615045435703,hand_wash
-5.420883646132077,-5.629378112,-0.1516532572707548,2.4407604471091155,3.970287711984853,5.67088008827671,hand_wash
-5.567428620566037,-5.963902169575471,-0.13027053427358484,2.7119537089236245,4.543049916706818,6.253371450228642,hand_wash
-4.892823944766356,-3.5031202581121494,5.784765206915886,6.977987656458324,6.873878386915039,6.5077328004122945,hand_wash
-5.2246631721495325,-7.041050521308412,-0.9911517439214954,3.818305385267017,3.4818993950881274,5.386409293573084,hand_wash
-4.429117748254717,-4.8616316116981135,-5.8333829908867925,2.5440370453977,2.7644959511885014,2.305151863334235,hand_wash
-5.673294296261682,-5.18337422682243,-3.1978360999999995,1.94558512086211,3.059837151828725,3.5046962636502186,hand_wash
-4.385031670190476,-6.27439625552381,-4.11952561387619,2.3782036411160283,2.335672260256361,2.8122869076250248,hand_wash
-5.0164633990566045,-4.879712287603773,-5.234945437732076,2.1269097114569746,2.987509456376799,2.398344722332553,hand_wash
-5.024035728613208,-6.382834645478303,-1.1102099100037734,2.127428651424963,4.149829445355431,5.190001620282702,hand_wash
-5.22287072735849,-4.965854649198113,-4.7647849508301885,1.8499776290070573,2.9002735058395284,2.351179697773397,hand_wash
-5.08202453953271,-6.441008545887851,1.3075603156728972,3.260582693774259,3.8703230086909017,3.1878328795321105,hand_wash
-5.126496951037737,-2.982440703155661,6.674086256257548,8.573424882361156,6.899867206219398,5.85041182112366,hand_wash
-4.174452777897196,-6.00847541104673,-4.179737049439252,2.345011319526487,2.908435603234738,3.7920560537508576,hand_wash
-4.901517621588785,-5.620896135420561,-3.976271473644859,2.1902268368690536,3.149017076599934,3.4332861911108172,hand_wash
-4.784593044095239,-6.776742798095238,-2.969669717171428,2.932020685545312,2.754654056379401,4.323990942794649,hand_wash
-3.8789262560377358,-5.383236901320754,-5.457751092113209,2.1680145722304895,2.5487195939040483,3.2985733472642824,hand_wash
-5.245251026415095,-5.895401338169811,-0.14921363858490547,2.1593752884161552,3.823797078013936,5.351175871538013,hand_wash
-4.4223624011603775,-5.24136305735849,-5.026126057141509,2.0969771761815585,3.3412113814758415,3.511916232099345,hand_wash
-5.570333703396226,-6.335642675283019,2.861522223707547,3.0968264655414877,3.26179224486762,4.861858288259633,hand_wash
-5.489834279377571,-2.4220426490654203,6.947719234971964,4.864149067749231,5.016842050946157,5.003689555510395,hand_wash
-6.0407105638504675,-1.1301772469252336,7.553383996028038,1.3781947403796826,0.34916709071510804,1.6964906815928131,hand_wash
-5.9822916704216995,-0.9830924538037736,7.642958275146228,1.340360388673169,0.39074891072058404,1.7110270643449306,hand_wash
-5.054865900841122,-6.072554663644858,-1.1980594310467292,2.3506401259475673,3.010935953163817,4.567582031163295,hand_wash
-4.396035991320755,-5.229347285518868,-5.502487630471698,2.1058418196634405,3.1373667322987386,3.098460961285637,hand_wash
-5.442002461320754,-6.748750971084906,-1.3715541589056606,1.8458347665010126,2.66278351878725,3.1391786199267147,hand_wash
-4.404272943867925,-6.0365393177358495,-4.098823995,1.7772186321506749,2.7826727377871756,3.122112785780201,hand_wash
-5.079911489158878,-5.143222194355141,-4.633056208102804,2.0766503552044657,2.804861737306988,2.5577843545194234,hand_wash
-4.983842755619048,-5.9525822358095235,-1.4181047326666665,1.8393724004689458,3.0241840859448934,5.112631727477991,hand_wash
-5.4956040794392536,-5.517818269532712,-1.4249187794327103,2.0307416829334586,2.8404558606117036,5.194631172402859,hand_wash
-5.428912515333334,-4.564770269428571,4.982082490285714,6.364736675941093,7.6577481000289875,5.955911632434686,hand_wash
-4.79706508682243,-5.732975163205608,-4.2498087647757,1.8566090645577762,3.3542620297557817,3.7334050403548824,hand_wash
-5.742273156981133,-5.910138727264151,-3.0236839166037743,1.9915403060340822,3.021378914313468,3.479883101231255,hand_wash
-4.623350857830189,-5.509382921792453,-4.80813625795283,2.92442846572535,3.3564686440019758,4.144413856345257,hand_wash
-5.190899465754717,-5.079849169528302,-1.9592132474150945,2.1912724188663275,3.6242360599147303,5.2194620542764065,hand_wash
-5.33126744245283,-5.475971634990566,-4.191810642320754,2.090087161812967,4.008703546247298,2.9725391576862745,hand_wash
-5.628639660377359,-6.903011546792453,0.2489295786603775,2.026353423707282,3.2392363101235166,4.4485443511113765,hand_wash
-4.950635554149533,-4.27283321718972,5.232555916831775,6.309275392214952,6.961799156808658,5.935668356867826,hand_wash
-4.572510331775701,-5.6548107690654215,-3.816218198074766,2.6598583170759817,3.9403666334977263,5.049486294782645,hand_wash
-5.638809072169811,-5.377949512198113,-4.037872346669811,2.8178173120438865,3.716106173342693,4.5029760088493616,hand_wash
-5.371266030377358,-5.704820398707548,-1.2557025104056603,2.530482095323142,4.6528031759752695,5.29469536066594,hand_wash
-4.766283488301887,-4.55561472326132,-5.873680740943397,2.8372375879895118,4.274694142412096,4.32761241085493,hand_wash
-5.66065661481132,-5.981603311509435,-1.152541885212264,2.586255023260752,4.0339826109767705,4.86247670038959,hand_wash
-5.49301451509434,-5.412515763962264,-2.290324315150943,2.0905061918123984,2.8629618708100057,4.787247539153241,hand_wash
-5.259597834896226,-5.562072889632075,3.396469486349057,6.6151191931965005,8.197426237665177,6.339148253450623,hand_wash
-4.583159302064815,-5.771111496388889,-4.037271818666667,2.6509072286365543,4.880252965569968,4.46307521265138,hand_wash
-5.560271966226415,-5.082691168811321,-4.900377497688679,2.3696035961814066,4.261295795919566,3.8206433363820076,hand_wash
-4.869805862358491,-5.8699388917924535,-1.9924203471698116,2.7948303324577486,4.130059458139825,5.156618846642657,hand_wash
-4.907896353915094,-5.84305909843868,-4.897665646273585,2.7830529766771455,3.7082503069728316,3.7701113042760874,hand_wash
-5.418880586915888,-4.964748838598131,-2.250291973551402,2.3207315574913787,3.7115067556576955,5.159097928016768,hand_wash
-5.1777466585714285,-5.516079072857144,-4.521607856447619,2.267167554691737,4.196986924636892,3.4364083244111794,hand_wash
-5.723764141933962,-5.0188469842075465,3.9090164978301893,6.5728153194998615,6.022763449013889,4.368449016497259,hand_wash
-5.275876506803738,-1.9975725266168227,7.473902375028038,4.520547917275464,4.358136285939584,4.498556561028874,hand_wash
-4.594890355654205,-5.951348029439252,-5.579043899065419,2.705356277517161,4.567008325126546,4.333073059483863,hand_wash
-5.236662038207546,-4.926302896132075,-2.5013990904716983,2.6103150477981045,3.959871427055606,4.573321663455181,hand_wash
-5.17506095835514,-5.559761181775701,-4.751180192348598,3.457020666552585,4.63396368262981,4.3912686902785305,hand_wash
-5.2765459908571435,-2.369510196838095,-6.6416455186666665,1.8946218906919043,2.70771112884968,2.880455590263993,hand_wash
-5.3940081424528294,-5.470126753950001,-2.8241048474056605,2.249377469956192,4.248072632512221,3.98913740199877,hand_wash
-5.313876534905659,-5.024764402264152,2.6826091471698112,5.2056051926862645,6.893684062156887,6.990139751468263,hand_wash
