mean_x,std_x,mean_y,std_y,mean_z,std_z,Activity
1.622368122277778,3.0404978572168275,-4.236819423292929,3.219179274327446,7.577852847868687,1.8442580908914854,no_hand_wash
2.556943793539906,0.6087684607462366,-6.955058295938967,1.5979713794188761,5.947941899528169,1.3663982958804735,no_hand_wash
2.4211866003906977,1.2115489899990566,-3.2104943226930236,1.4992780962621446,8.766349984905581,2.2974408321323705,no_hand_wash
0.4007994827383177,2.117460470229521,-4.023393262140187,2.6269717205809275,8.643558941957943,2.742476469541743,no_hand_wash
-1.8245162476704226,0.7382437006160616,-5.544733420035681,1.9474757503578541,7.7174432700352105,2.1099681188555737,no_hand_wash
0.7943876325995025,3.0781023809330224,-6.6229258514079605,3.3908752953613317,4.166304391731344,4.422963905375353,no_hand_wash
7.381299859721053,1.6433308742496482,-5.224318089382775,1.2236833227338704,-1.3076338238148324,0.44298562846306827,no_hand_wash
7.353435805390187,1.7177927486149325,-5.170825734740187,1.2177149724617709,-1.2576816332626168,0.32913177679768346,no_hand_wash
5.178063383698598,2.9075908000859134,-4.202212974735981,1.7436005167075799,3.4976229664411216,5.190575014110998,no_hand_wash
1.9298795430420561,0.4482012654010813,-3.150981365988318,0.7099334738835203,9.035470038558412,2.0055256927560956,no_hand_wash
1.897195766935211,0.4259098190312805,-3.2908956877666666,0.7322801537994637,8.969186427753991,1.9954212696778266,no_hand_wash
1.5776890976542057,0.9731925154694212,-3.4576047691588787,1.1595915066141755,8.819084739207945,2.0886451571786107,no_hand_wash
-2.5697173417435897,2.1030065631370043,-4.664036198369231,2.689961891194678,7.591208878357436,2.220087319669673,no_hand_wash
-2.831386208309302,0.6555464649360027,-3.1014624722395348,0.736649853546968,8.761831245668372,2.04074060882235,no_hand_wash
-2.889040775885047,0.6551312241366416,-3.4522085063,1.6356764733932452,8.54010413037944,1.958129761871988,no_hand_wash
-2.0887106892341465,2.41191214501517,-3.4545445925707314,2.578171760443896,8.154524695160974,2.2692210127834214,no_hand_wash
0.9394347201869159,0.7218543834938405,-1.9160085951742991,0.5913059360269833,9.655486370390186,2.215834700474377,no_hand_wash
0.9495164083615023,0.48570454465107205,-2.167296648564319,0.9756634569698993,9.508653570525821,2.1561658021124304,no_hand_wash
1.1878385691651163,0.4001438256369247,-1.8739249275274419,0.6787416445617875,9.509862123630697,2.2226695461578916,no_hand_wash
1.4893876179626167,0.6378690985703593,-2.876040636658878,1.7139272212401586,9.126081289216355,2.1427306174104244,no_hand_wash
1.6899178889704225,0.3821795459886653,-3.332633420549296,0.7441915011573168,9.006484823200001,2.0034437033316674,no_hand_wash
1.6788832956588784,0.41342659473251336,-3.5048298875280377,1.256922667612394,8.889895408242523,1.9911202178783873,no_hand_wash
1.6917653892448599,0.37923880637799057,-3.552161010469159,0.7905431773129691,8.91151470348972,1.977233516977723,no_hand_wash
-0.16872046262944163,2.0429376196668056,-5.4074168935431475,3.8190228415016305,7.248672401266498,3.0836856298722433,no_hand_wash
-1.7490461950700935,0.412528091233037,-5.349757685104206,1.254219978304236,7.75921747071028,1.814407837272091,no_hand_wash
-1.2885930107252337,1.1954247449597497,-4.787373117285046,1.6752508265676735,8.100627388213551,1.983154225017371,no_hand_wash
-5.863354234598039,3.9049955523778346,-2.8333913262843136,3.245541293623584,5.410870347156862,4.601426455049189,no_hand_wash
-9.158135634904761,3.1902672226255024,-1.7695313776447619,1.6288351724039336,0.2824178459314286,2.0098758108040555,no_hand_wash
-9.14232478230047,2.161479852405366,-0.6696950082455398,1.4317317788935686,0.432316919358216,1.7668342714639822,no_hand_wash
-9.26299653692093,2.8418302421780104,-1.354710453823256,0.6866651764835411,1.1464030257813953,1.5969733882335964,no_hand_wash
-8.703222060299066,2.469890050636204,-0.6543794036775701,0.6992555772046785,1.6607680481504672,1.6306095933867188,no_hand_wash
-9.092609497492957,2.678297393353656,-1.8759837718403756,1.5456634214594067,2.07630176713615,1.2417762539464836,no_hand_wash
-9.067178128280373,2.442781915530717,-0.7254353123985982,3.3606190439392987,2.0816443240672897,1.8668287886110757,no_hand_wash
-9.330281557621495,2.531196387495237,-0.7809561127397195,2.485396866230477,0.8099536473457944,2.2632222532738258,no_hand_wash
-8.476387466303738,2.4320766544348036,-3.35675883282243,2.4745156915329183,-0.19057586414345792,1.417620491442073,no_hand_wash
-8.888160933247423,3.1425767353166685,-1.3588965215948454,3.0515272552950417,-0.5597457789072164,2.558196224192332,no_hand_wash
-9.369673118317756,2.733377814177897,-0.2572748069859813,0.8600550083447214,2.0287980810280373,1.137047378676227,no_hand_wash
-9.01701207701878,2.153278185990994,-0.2366019338690141,0.5900767956493526,2.633477714882629,1.252044712194466,no_hand_wash
-8.196511507474298,2.125563561971531,-0.340001124732243,0.7500514639684818,4.880065345553738,1.165478653771886,no_hand_wash
-8.371136443364486,1.8079447175800838,-0.0026805130439252344,0.5818946541288132,4.571956147224299,1.062972690053391,no_hand_wash
-8.467082888364486,1.9977653298454585,-2.6374609812056073,0.9141199870352634,3.1110880725794394,0.8500723973079931,no_hand_wash
-8.332277755981309,1.950079914160917,-3.1984965415373834,1.1961426583550532,2.8503075743037383,0.9445197696474071,no_hand_wash
-8.156979892343458,1.814507859992553,-2.5503442371542056,0.9847689634519852,4.201628317149533,1.1782375372811171,no_hand_wash
-8.555808457746478,2.3429989808451728,-1.5350316314178403,0.7290843335907576,3.858783781314554,1.3300237075694714,no_hand_wash
-9.034675447186917,2.8373137307332894,-0.9832269852686916,0.5425122282276931,2.514215784140187,1.1473018165493996,no_hand_wash
-8.973774299767442,2.2955539201818147,-1.0995579833813953,1.2411205850594937,2.3732212223720928,0.977215861157397,no_hand_wash
-6.139048214422536,2.456219263199393,-0.9408072232112676,1.835760578537623,6.822930703596244,2.8224797250837974,no_hand_wash
-0.15634227512149532,3.32528730450641,-0.5333185697850468,1.935078212730963,9.208341667990654,2.678819381052985,no_hand_wash
-3.8745305067570093,1.693649500991864,-1.9523145874813084,3.376438567039832,8.668987325023364,2.5560606769583263,no_hand_wash
-5.196774685212766,3.209664976710467,-4.27574472606383,3.4146323551293247,5.90392253725,2.2485534897668895,no_hand_wash
-8.542922079483567,2.4238347583645043,-0.6669198403230047,0.9332095567348137,3.7413082745539907,1.4959097579888474,no_hand_wash
-8.35101277766372,2.4956132487115106,-0.26143680187906976,0.9052642553830039,4.491091817255814,1.8627551426154019,no_hand_wash
-8.557120128392157,2.704433784264123,0.1149925505735294,2.175144619188903,3.063123863877451,2.5534373145410574,no_hand_wash
-2.681477201292523,1.103723426720558,-3.712951878916355,1.8550608991343744,8.623319084513552,2.124661444087603,no_hand_wash
-2.131391021651643,0.47861511338403956,-4.626438208370892,1.0297055895073781,8.23842044270986,1.8337541280188325,no_hand_wash
-2.080318007850467,0.4910726568690009,-4.292863657304673,1.0836285238307997,8.427365443271029,1.9025744346433864,no_hand_wash
-2.0291542358534884,0.5824305051515948,-4.762809772672559,1.2123480974421994,8.292107909185116,1.9506476601371714,no_hand_wash
1.9022982694741783,1.1340396320384736,-3.3013505325511736,1.8305185652068328,8.651411614084507,2.2850406474711926,no_hand_wash
3.2052082982032712,0.8503254684231262,-1.3935281652107476,1.6094450487874863,8.985976685714018,2.0726042677076277,no_hand_wash
3.0670174711392524,0.6878809188082035,-1.7392272426163553,0.4397032108156216,9.133210791713552,2.0277492305215703,no_hand_wash
3.3278275571671365,0.7537831669621806,-2.2969588675131454,0.5362908374039801,8.887199349819717,1.9789302767036336,no_hand_wash
3.440542847320094,0.765011171638182,-2.3880706650233643,0.5320443930334007,8.8147237270257,1.9543727816790035,no_hand_wash
3.5432813864139536,0.8274692877680985,-2.54956259998,0.610869348272783,8.661123410776744,2.017329174272292,no_hand_wash
3.3625459946338028,0.9727313895047656,-1.935638675173709,1.689008391180306,8.825753416849764,1.9084974037583227,no_hand_wash
-0.6250338678219896,3.8088854725882912,-4.465977340575916,2.5993490023668544,7.418817378905759,2.3871076143711125,no_hand_wash
1.4018185358738318,2.9084496885955686,-4.800015361009346,2.432338853181913,7.437723101308411,2.4349093316143553,no_hand_wash
-0.6326720692079812,2.0316022820444877,-4.455518147739436,1.8299432352792668,8.351309290523943,2.2851601648371376,no_hand_wash
-1.565544619944186,0.369824972757911,-5.268181437421861,1.2276399746133677,7.858994607993023,1.8310838468337742,no_hand_wash
-1.5769640545584112,0.3543546685715996,-5.269358207974766,1.1704741266467429,7.911790837448598,1.7574083368612674,no_hand_wash
-1.573345227584507,0.35424218127817464,-5.266108864016433,1.1726139235366084,7.9189321059230044,1.762773946519723,no_hand_wash
-1.5798583389976635,0.35474877917016967,-5.260223289644859,1.1684505048120077,7.924431193267758,1.7599530186923236,no_hand_wash
-1.582047441482243,0.35781013676856976,-5.248796608245795,1.1663743659961472,7.928236366164953,1.7610335486502484,no_hand_wash
-1.577241359048357,0.3551793470036563,-5.235067299197183,1.165312480987922,7.9424675048488265,1.7679630377231654,no_hand_wash
-1.5745839143944187,0.3722252243958502,-5.195780087727908,1.2109994208204626,7.9148358030353485,1.8436447843931312,no_hand_wash
-1.5884899624629107,0.3565774985823465,-5.203461016431924,1.1584359338234382,7.95596056588122,1.770952654695541,no_hand_wash
-1.5808465028233645,0.3540445424956104,-5.178016070726636,1.1497928117868401,7.978237169747663,1.771510478203569,no_hand_wash
-1.588962915970892,0.3569203206365737,-5.188842920960094,1.1552482665828803,7.966761961896714,1.773186369436897,no_hand_wash
-1.5846772188878506,0.35458011543667856,-5.173574795990654,1.148871313915063,7.985404174557009,1.7730257969273295,no_hand_wash
-1.5592398898139535,0.4747420337145369,-5.1221171034669775,1.187762135201556,7.9602491338209305,1.9083319840052981,no_hand_wash
0.19842504769154928,1.1658107743889865,0.16873538555399062,2.806473521095781,9.473947419784038,2.304301149784211,no_hand_wash
3.7755063131684783,1.705989558708995,-5.192033689097826,2.613421872706061,6.321362956921196,2.764992047459668,no_hand_wash
3.6702354200467293,1.318343756001428,-5.6630065060280375,2.278255459832542,6.266270535504673,2.4178380296298343,no_hand_wash
-0.5609530609350467,2.2755005434657267,-3.348416419873832,1.947202783284118,8.879200301662616,2.581325919304073,no_hand_wash
-2.4526649950539907,0.5473142217455973,-3.9597443384530515,0.8829333261294998,8.51804424347324,1.8964742066444706,no_hand_wash
-2.4348114947493023,0.5685866629623955,-3.923851441517209,0.9146387841822944,8.49554643543814,1.9782386360397277,no_hand_wash
-2.460089943581776,0.5469761507157965,-3.927064733103271,0.8727997954264277,8.533301663147196,1.8945996819260122,no_hand_wash
-2.4550514403399064,0.5545490190624502,-3.923783573818779,0.874136415398616,8.533598064724883,1.90449433323565,no_hand_wash
-2.277202232039252,0.5622278994338376,-3.9223658315490653,0.9111549341245384,8.585776049883178,1.9154869902781726,no_hand_wash
-1.8013685538638498,0.4176009010112862,-4.222388988613615,0.9563177358166512,8.545725575661502,1.9013697603539674,no_hand_wash
-1.7811727443790697,0.4262497368866072,-4.213652961184186,0.9935372867017204,8.4992626684,1.979862899436394,no_hand_wash
-1.818484781863084,0.4710738267167062,-4.2410408490570095,0.928287277167595,8.524316758906542,1.9335013492996442,no_hand_wash
-1.0140610614882628,1.0527007684141672,-2.1449983319342723,2.6924416968951337,8.97938226175587,2.12795699934528,no_hand_wash
2.346545483235233,1.8822428000501126,-2.972199373826943,3.116432981317879,7.909212120761659,4.309178536153207,no_hand_wash
3.4225945757037914,1.1756391854896722,-7.875610559542653,1.8968004822407603,-2.322946587199052,1.4428082186768914,no_hand_wash
4.591179590883568,1.0253318583975515,-7.513548488779812,1.6744083917215324,-1.9867667513704226,0.4488414950197325,no_hand_wash
4.5489507311376745,1.0612155230484523,-7.436106627812558,1.7322837178517183,-2.123501160324651,0.4987985126402758,no_hand_wash
4.580136344035211,1.023838671391169,-7.4379979360558695,1.652054431450352,-2.205928919982629,0.49279368880187235,no_hand_wash
4.636794909966355,1.0324271332195338,-7.288364388844859,1.6172653387711344,-2.520642884708878,0.5816938546174119,no_hand_wash
4.697390911330373,1.0562851068459678,-7.120798394697664,1.5892889513133794,-2.8211674361504677,0.632355293407893,no_hand_wash
4.859172328047888,1.0854863468511808,-7.008268391538498,1.564213468848246,-2.836789891121127,0.6414435425659666,no_hand_wash
4.794263565406511,1.1162961607149235,-7.000281041447907,1.6321268077753228,-2.84426692984186,0.6662317737110792,no_hand_wash
4.814899579222897,1.0692035345700646,-7.037405401814486,1.5631903272165153,-2.8439475032074766,0.6349785893876598,no_hand_wash
4.755229508502348,1.0548817884861994,-7.078239472347887,1.5772943202616194,-2.8378593917258215,0.6346126432265181,no_hand_wash
4.706380601299065,0.914074176871628,-7.167005421009346,1.5895175514403832,-2.717633176745327,0.6822578356701784,no_hand_wash
2.452982570867925,2.0361545618433343,-5.363670801386793,2.7459429145768186,4.831964869231132,5.644631216931279,no_hand_wash
-1.8403708270526316,1.059600379709023,4.826632459473684,1.5444523524117393,8.746094461052632,0.8398101679872383,no_hand_wash
-4.698180012751173,4.098484833086567,-1.6648868378967134,5.732501279328787,5.623760476945071,4.408036954397544,no_hand_wash
-9.341838454700934,5.455330530657162,-1.4057524522102804,1.7171403744668077,2.0592479848785046,1.8383328793910227,no_hand_wash
-9.200379682171429,4.793374500855566,-0.15646022230142856,1.1940342151519152,2.6818666076095234,1.1417851485715913,no_hand_wash
-9.228842542336448,2.6491959055853433,-0.3553262955084112,0.7216175856461673,2.543130464299065,1.2245321146386852,no_hand_wash
-8.307650744197183,3.108675947624367,-0.5265597326089202,1.0361501843522531,4.231368061408451,2.2035310675385618,no_hand_wash
-8.59788731406542,4.695985753200502,-2.2247722849485982,1.8207082871982945,1.7219774415841123,2.2213949397332886,no_hand_wash
-8.567041296308412,4.370655441414256,-1.5863250776635514,1.9195855788951326,2.862338656542056,2.916283980149784,no_hand_wash
-4.9562877870531405,3.268409129368608,-6.278017524188406,3.272670834952091,4.135942489242995,2.4923205999914537,no_hand_wash
-5.117242456308412,2.607121950667226,-1.0325925771462616,3.6192059493986126,7.160893899266355,3.251810874945814,no_hand_wash
-6.4534883669523815,2.7585862026962396,-2.1615598936190477,1.9322275792753296,6.469116880980952,2.825570032305177,no_hand_wash
-8.928671238920188,3.83046876385391,-0.7473749544708921,0.6841284716566143,2.8952143342253525,1.4289246693243918,no_hand_wash
-8.991034506374419,4.639081438435779,-0.3053641481409302,0.8337747006985002,2.338673228567442,1.1633430755486667,no_hand_wash
-9.235238578600939,4.3746851345775015,-0.16914540119248825,0.7727974000232214,2.149772008431925,0.9956391163701312,no_hand_wash
-7.685226136915888,4.540124845773958,-2.078124865658878,2.3551868033729817,4.096223281626168,2.317604259432201,no_hand_wash
-4.855798414613527,4.447200592771508,-4.3569212591014495,3.685046127483079,5.574201505845411,2.125871848726516,no_hand_wash
-8.631867069764152,3.3786333931829526,-1.7207332805754718,2.8979502263158037,2.8205717553773586,1.610257303412489,no_hand_wash
-8.852988900514019,4.010672989946468,-1.4323358471214953,1.1613771507713593,1.9335483616883178,1.4019348977437744,no_hand_wash
-9.264269747570093,4.842191774425817,-1.1740834294873832,1.198953402569023,1.4758572521635516,1.2723748372849295,no_hand_wash
-8.946319190514018,4.180632736020903,-0.9095356742990653,1.0115367497901484,1.8363649344859814,1.3168760897902838,no_hand_wash
-9.386374227652583,4.431156385535135,-0.38031425555915493,1.1222713207400012,1.86481771857277,0.7324127052256141,no_hand_wash
-9.373445795392524,3.281308276431458,-1.4780034024616822,1.0497181940936837,1.6613230803785046,1.1938797950699667,no_hand_wash
-9.283439651361503,4.66647585085584,-1.297972784700939,0.8081232144095931,1.7894853012018779,1.5100242890870152,no_hand_wash
-8.695206336139535,4.433809342490256,-1.0283620046334885,0.8784114538116099,1.817140161311628,1.1037767681103297,no_hand_wash
-9.65541395112676,4.824735678778142,-1.3840795335230047,0.9763091338252101,1.7684291483615024,1.3749226901375575,no_hand_wash
-9.110079630962616,3.314938250776223,-1.3291069037313084,0.7437957947760921,1.831599708080841,1.37990417850547,no_hand_wash
-9.594387406370892,3.238252478190072,-1.4441044431267607,1.0352409862468441,1.9169068295868545,1.4077107715174553,no_hand_wash
-9.406760963738318,2.9727923510839194,-1.6947150731705607,0.8212886793938473,2.1347163208971964,1.5119787253688663,no_hand_wash
-9.671453653882628,3.16010653389188,-1.5708851090093896,0.9950488855503814,2.1340642348568077,1.4391950912700224,no_hand_wash
-3.6905187757230773,3.062541726222758,-7.346274782697436,3.7700745810026413,-0.494586825025641,2.909997116565096,no_hand_wash
-3.9963951961267603,2.319868233096696,-8.150588998262911,2.269076623228336,0.8844596452549296,1.9235215348366401,no_hand_wash
-2.6779116783349055,2.237405455047168,-7.795309770867925,2.40257976065298,-2.8616466864353773,2.1126788179421605,no_hand_wash
-8.75546191217371,3.034858180095873,-3.018008964294366,1.7866717663100247,2.0135925296995305,1.261387283470219,no_hand_wash
-9.44451318600939,2.914391528635945,-1.7602564780469485,0.9812920762001951,1.972414762,1.266631806515424,no_hand_wash
-9.161865707954673,2.8446156684298107,-1.8854085714579438,0.9026151404732272,2.1934298202429905,1.3345781674006525,no_hand_wash
-9.180545482001401,2.9742809473838774,-1.6980507016191588,0.9831565207848283,2.26251948348271,1.2677111480064855,no_hand_wash
-9.23562425182243,3.0283362973226624,-1.736655828224299,0.8351684196471619,1.705915438049533,1.2659571214001295,no_hand_wash
-9.237080639295774,2.8261924671121066,-1.6484069622816901,0.6663601262413166,1.7600046700751173,1.3141159130178879,no_hand_wash
-9.432975569626167,3.0151389800074253,-1.6591311243841123,0.9074296816128185,2.03060513753271,1.2523283301440695,no_hand_wash
-9.003483556549297,2.7915156173893236,-1.6380327631596245,1.378445677128993,1.8761211539483569,1.466404950395086,no_hand_wash
-9.16482306828372,2.6701115192375027,-1.5620716224186046,0.9620242968492625,2.1702725498651163,1.3906122331526645,no_hand_wash
-9.868351930253521,3.7031000714350926,-1.702842001737089,1.0771025215028387,2.1556037341230048,1.5041917940453293,no_hand_wash
-9.76259848906542,3.5003787002943185,-1.8663937876962615,1.5480576255083727,1.9193496239168224,1.7783615488484472,no_hand_wash
-9.590310267577465,3.1093603791182995,-1.9434398323004693,1.2911575823102663,1.7015470698779342,1.7532587932671544,no_hand_wash
-9.810900005771028,3.6361245443042107,-1.5715516576028037,1.306054189353311,1.9729590794780376,1.8322674192537873,no_hand_wash
-9.706427422159626,3.323443104326289,-1.7625810330985916,1.0706600504263875,1.9545467966375587,1.814720884982775,no_hand_wash
-9.125744472106977,3.016230221328359,-1.4692372688497675,0.9505253958513121,2.2371787515488375,1.4014215667182541,no_hand_wash
-9.018321039570093,2.442280739033932,-1.7817184377102804,0.6746310580786734,1.183983872766355,1.1218862614973575,no_hand_wash
-9.012044512624414,2.183274880722464,-1.5548136194178404,0.6356909351999351,1.9371795750704226,0.9999990742305125,no_hand_wash
-9.036364256915887,2.1013184166407366,-1.381541433780374,0.7740601912605337,2.0991487694112148,0.9625109924843178,no_hand_wash
-9.08834996732864,2.0034990429048327,-1.9041464081342723,0.6062555830491129,2.005027790983568,0.750150030550957,no_hand_wash
-0.16800760043548382,3.5457738331935302,-8.23965175503226,2.26481923207265,0.37130751165591397,1.726881365471247,no_hand_wash
1.3427980724744186,0.4955910299261104,-8.831442779688372,2.076505372291224,1.7332192471088372,1.0064975626247445,no_hand_wash
1.599631390140845,0.7435666726965403,-8.70003151633803,1.8694934834681318,2.7202816035446014,0.822141629047319,no_hand_wash
1.2631318851705606,0.9666535677675713,-8.756940866775702,1.8150111358579581,2.8315379430093457,1.0161154856182604,no_hand_wash
1.830012640403756,0.868835211779559,-8.581682930380282,2.1064197802890954,2.755592201061033,0.9875439583876239,no_hand_wash
1.8998499680093457,0.5472238725925288,-8.69558349354673,2.0555149293281296,2.3613040570158876,0.7534834475051289,no_hand_wash
1.5509996851728973,0.6382028899028196,-8.697247394962618,2.216257041574806,2.497230894761682,1.236137594765226,no_hand_wash
2.0181043003504673,0.46754479667814663,-8.441206417054673,1.8806121323843974,3.1602359978635515,0.7496750785014339,no_hand_wash
2.0668871831056337,0.46907890983988554,-8.427690830791079,1.8783482191503844,3.3490394369530514,0.7839338865279851,no_hand_wash
2.061109059095794,0.49131413370201094,-8.278406357682243,1.8924853558537253,3.7156948633224296,1.0069197668324448,no_hand_wash
1.0381195916948358,0.4916477273390175,-8.223507377962441,1.8391580898412014,4.383353026976526,1.0101002006913862,no_hand_wash
1.2994249126121495,0.44734308360107533,-8.210907140962616,1.8809067968218591,4.201184613327103,1.1395444211717336,no_hand_wash
0.8270653107817757,0.4941746170850821,-8.257122999252337,2.000346476795999,4.274862002074766,1.2652080811488933,no_hand_wash
1.0780087932939253,0.9685496214905661,-8.771150449598132,2.096070552372984,1.9717223786074767,1.6041781965121664,no_hand_wash
2.0400908657215964,0.5293760435117582,-8.468422864492958,1.9617748580241832,3.177647739553991,1.1076299675372772,no_hand_wash
1.9944528448224297,0.6199491814226201,-8.450512731172896,1.8159341118476344,3.270380385878505,0.8882028384027254,no_hand_wash
2.905661268612676,0.87427683738967,-8.280002198943661,1.9013188631776032,2.961955417138967,0.9977144758422761,no_hand_wash
3.2353845889252337,0.7395372900953029,-8.248377800828505,1.8454011575871632,2.735769569621495,0.6353516528944269,no_hand_wash
3.6674767882523365,0.8707148978441318,-8.000076051020093,1.8704920624519379,2.744469012793458,0.6475944163551086,no_hand_wash
3.850025923043662,0.8586390064940961,-7.928222358605634,1.7671922119086259,2.896637021343662,0.6517849746277282,no_hand_wash
4.0947692514696135,0.7004126110508354,-8.000564514524863,1.3518916558353387,2.9335762753116024,0.5013948215662893,no_hand_wash
3.4606933824366193,0.9143473632384946,-8.013054557633803,1.84923461412346,3.1080627788305164,0.8244049165877417,no_hand_wash
3.1238405775280373,0.7184127962841651,-7.936845296330374,1.7390903517149348,3.804096979135514,0.8384988955530007,no_hand_wash
3.3235698568122065,0.7857176501060347,-8.051945738239437,1.7592922132391988,3.217109818511737,0.7564702478351449,no_hand_wash
3.2861646357069767,0.7771657067909857,-8.056754842586047,1.882611330844011,3.11545267582186,0.750096122982372,no_hand_wash
3.4428456550328637,0.7993463762995061,-8.03444160418216,1.8247599763567512,3.1546510354915496,0.7314695494001432,no_hand_wash
2.6169430496378503,0.6053096123092027,-8.090745101981309,1.8010097107041867,3.8260771056214953,0.9207967732681975,no_hand_wash
3.0084580394178406,0.7361855959705191,-7.928217891690141,1.751086454882392,3.8655180217511735,0.8763014687525095,no_hand_wash
-1.7639175915495051,5.983145801028419,-6.0250464283514855,3.253484383772442,3.128260984554456,1.1625462382642635,no_hand_wash
-9.00676719639906,1.9958728181740302,-1.7148386312098591,0.9881709675964293,1.9239914448920188,0.579184972634364,no_hand_wash
-8.845969846976745,2.0424000556829363,-2.2064504697302327,0.535790980330108,1.884003345227907,0.4630347835484425,no_hand_wash
-8.947244369906542,2.0564010349797073,-2.21889707472757,0.518721698718593,1.6244130414532711,0.41244841716193176,no_hand_wash
-8.937110663169015,2.148909012144037,-2.026176732089202,0.6386111284752419,1.9919671515258217,0.6749487897120919,no_hand_wash
-8.915741873439252,1.9801351175488713,-1.829491590046729,0.5534826214792449,2.1699117454719627,0.7830331940966498,no_hand_wash
-4.206376324726829,5.591706018250367,-5.5467855407902436,3.199419466500331,1.0943290717692682,1.32459622952767,no_hand_wash
3.8931201575093457,0.9075910455757774,-8.08988679682243,1.933649387585268,-0.5385483078168224,0.8781856722695549,no_hand_wash
4.015709526004673,0.9058202794628895,-8.185687353803738,1.8125437878110056,0.619672538853271,0.20086781601219195,no_hand_wash
4.065761828698122,0.9370414407966466,-8.126045029126761,1.8211261793549338,-0.13121581147605635,0.5355068497147405,no_hand_wash
3.897682435168224,0.8783287545808867,-8.153696941205608,1.8256504868134102,-0.6088609739845794,0.20054724061244422,no_hand_wash
3.474591889690141,0.9327655281344811,-8.379376355366198,1.8809593290346727,-0.4360488707347418,0.4753984242890589,no_hand_wash
3.864553067803738,0.8987117518302634,-8.140605395614486,1.827819202363222,-0.8608586108864487,0.395702366153115,no_hand_wash
3.337323297767757,0.8391079866786859,-8.421391290714952,1.9626109478264424,-0.25011180881542056,0.16160614911804747,no_hand_wash
3.6251763283411216,0.893153876314301,-8.23984694992056,1.8723000608426323,-1.194083766521028,0.4960101732694837,no_hand_wash
3.160651345375587,0.8574390386569681,-8.41246676068075,1.90775399521746,-0.8269454912347418,0.357925726485418,no_hand_wash
3.5824098210140183,0.7973847553239946,-8.299049798988317,1.8403282233926024,-0.7665761496570094,0.19816910550436626,no_hand_wash
3.5629866440962443,0.8188761403977696,-8.33742581522676,1.8603296522814012,-0.45816512230516426,0.25802209256808084,no_hand_wash
3.0780364656869157,0.852277932452003,-8.491058378925233,1.8639988445281939,-0.5822118176845794,0.24877440635464454,no_hand_wash
3.920222620761682,0.9434153328321268,-8.030754047434579,1.8835694204393876,-1.188180162551402,0.30375796721020243,no_hand_wash
3.4395373783785046,0.8193331939497549,-8.3136825252757,1.8976067246633932,-0.957366360453271,0.5177354972045728,no_hand_wash
3.273219400061033,0.7636076719594439,-8.475748722924882,1.8730979241162384,-0.08115024405023474,0.19804792853299458,no_hand_wash
3.6383252431448594,0.8317846903226978,-8.275631284794393,1.8564217033521724,-0.78256896382243,0.2985261844862415,no_hand_wash
3.115646113769953,0.732410593705588,-8.527016731624412,1.9008294503180252,-0.48140168193004695,0.29959719035366095,no_hand_wash
3.5968195226588784,0.8309771115552977,-8.269031283932243,1.825317060330076,-0.8270921670186916,0.28680692471761515,no_hand_wash
3.779604555422897,0.9003972797770605,-8.108682110584112,1.9246096839537092,-1.0241538720140186,0.2794862547414394,no_hand_wash
3.198260282932418,0.7058163672198139,-8.549160835076924,1.763368104651345,-0.44086302854560444,0.3763757265414525,no_hand_wash
3.558671716762791,0.9807471903076617,-8.212119467906977,2.0159968778339157,-0.7609035207195349,0.45561882204020976,no_hand_wash
-4.48444489535545,6.230486090414566,-4.526859472938389,3.870330927987185,1.3037139553080568,1.5640654178731257,no_hand_wash
-8.99488301969953,2.0071063416575115,-1.6253845284215962,0.8893492903404027,1.8794462192206574,0.5911242508422356,no_hand_wash
-8.926674795228973,1.9928941513085636,-2.22256331882243,0.565417230472067,1.6235265556214953,0.4834077207327939,no_hand_wash
-8.907940804734741,1.985205390741707,-2.1248983942967135,0.5286128890035208,1.8917502853380281,0.462683659036953,no_hand_wash
-8.928960681912617,1.9981319869441683,-2.0796601254018694,0.5071292381963622,1.8354451342429905,0.4540177027251907,no_hand_wash
-9.000163992802326,2.2932071800654716,-2.377927314244186,0.9502956919065774,2.0467900578916276,1.2340478499471128,no_hand_wash
-2.3236871664300467,1.539110153840581,1.3470937546605635,1.0497731412367435,9.056903992774648,2.27457499851623,no_hand_wash
-1.6041016047850467,0.3867354938082001,1.7435513810719627,0.47343945881291744,9.63262649146028,2.1539444345538787,no_hand_wash
-6.412295642645631,3.351498523262372,-0.37658066924611655,1.240919106148934,6.055694202762137,2.9151498068914994,no_hand_wash
-8.946013781086538,2.0323731619699856,-1.7287960806778846,0.42772322015631786,2.2566947634639423,0.5425993168527948,no_hand_wash
-8.898592197801396,2.0692453433407554,-1.7411432423502324,0.4064096165772673,2.3270374743190696,0.5566029964926617,no_hand_wash
-8.942665075239436,1.9898098425786495,-1.7052948781643193,0.3863410496739387,2.283921530857277,0.5160799813164616,no_hand_wash
-8.93724872915888,2.006647454874111,-1.736903397843925,0.4041462390716686,2.318945391234112,0.5234828719120449,no_hand_wash
-4.948052199957972,5.3455416065136445,-4.579042873019324,2.6586772543903416,3.1623564080241544,1.5193050333931932,no_hand_wash
3.1007830518497657,0.690075578144471,-8.439097382409859,1.8859895315971562,1.99121977242723,0.5129804557143155,no_hand_wash
3.459233442158878,0.8315633393266363,-8.335573273869159,1.8999495300614657,1.6540331060981308,0.5065870248125934,no_hand_wash
3.274241113593458,0.7903278890677387,-8.370176210509346,1.9465139022193028,1.5841638622733643,0.986747364440522,no_hand_wash
3.118457355642056,0.7032547772767704,-8.13330345711215,1.8078937944453923,3.198133600065421,0.7238508650509725,no_hand_wash
3.281603069807512,0.7321174658476345,-8.090951507483569,1.7991360537645678,3.129736966747418,0.7020718169561211,no_hand_wash
2.7908566724766355,0.8176595180727456,-8.258156928261682,1.7940925711740057,3.096180341981308,0.7503878033186001,no_hand_wash
3.895279824410798,0.8986250320117831,-8.12499619983568,1.8121807271330548,2.005447727314554,0.5292882226729556,no_hand_wash
3.432717373861215,0.8701974336324203,-8.246673348355142,1.8893445171833252,2.255915255156542,0.5597803405700627,no_hand_wash
2.447012963148837,0.5844437987058552,-8.29793516788372,1.8693755727320114,3.3066589456418605,0.7889298562688934,no_hand_wash
3.5743840534615026,0.8212004527430468,-8.135076173887324,1.8194815330690501,2.473968841683099,0.5985978346256999,no_hand_wash
3.119409464890187,0.783610081378072,-8.29499652974299,1.8909728145811446,2.5407353799266357,0.6625691398975049,no_hand_wash
2.5674391614305168,0.5986263597153887,-8.25124105431925,1.7924112248865018,3.4692652111488265,0.7716951146960348,no_hand_wash
2.9783574386093457,0.7183125762908067,-8.343598576705608,1.8593591471693822,2.5669077450378506,0.6397241498272574,no_hand_wash
-1.0539717058166667,5.689874932788437,-6.302791878383839,3.531219713826331,2.990338037570707,1.2229602263047594,no_hand_wash
-8.869991726181818,2.060002943150325,-2.10855208915311,0.7590956683769422,2.241808123141148,0.6345630924233828,no_hand_wash
-9.013973534558685,2.036194437201036,-2.225252359107981,0.5997578398832383,1.2119175164366198,0.6757916965067964,no_hand_wash
-8.958860398411215,1.9641663287340956,-1.6727186836915888,0.47248488174253267,2.293224029168224,0.6160112006425105,no_hand_wash
-8.971825065799065,1.9915598553478757,-1.9302490146261682,0.5346980969216204,1.8961161891728973,0.5061656312180255,no_hand_wash
-8.931837453782629,1.9918247694313682,-2.1124283390375584,0.4778238769839274,1.7656491728014083,0.39796744856677274,no_hand_wash
-8.910000919088372,2.075933717445098,-2.0613534271162792,0.48179020644850507,1.7212622677869767,0.4062069065880526,no_hand_wash
-8.944816103930517,1.992344885849081,-2.076228519926291,0.4650166017125688,1.7391540239892018,0.39101964303984177,no_hand_wash
-8.951783924371963,1.9837717759099476,-2.0435178053060747,0.4537100325546045,1.740960580959813,0.38855847411040056,no_hand_wash
-8.956219394065728,1.9962235752443913,-2.033745674737089,0.46154236993235936,1.7603367705000001,0.40315614048238596,no_hand_wash
-8.987649189928504,2.0363358792007675,-2.0044447735490656,0.4868102166477676,1.733577602004673,0.4558011006460414,no_hand_wash
-9.011641261121495,2.1801951296906146,-1.2515110531943925,0.8163984420931575,1.979577438669159,0.6943526517697869,no_hand_wash
-9.021282345350468,1.9947858723120842,-1.543669519174299,0.4224089916640619,2.1448428873878504,0.5466955529917916,no_hand_wash
-8.96543692388785,1.9832608643527154,-1.775790698672897,0.5071760416278378,2.1032145656228973,0.5941576606402676,no_hand_wash
-8.980017785418779,2.068008782317092,-1.901222922624413,0.49528509560069034,1.716473230153521,0.526814841499856,no_hand_wash
-8.972298532373832,1.9721938387808677,-1.3533043617663552,0.3357877896074739,2.592382452233645,0.6103620130846567,no_hand_wash
-6.784922968295775,3.3835076222692337,0.34165779265258217,2.013491634065241,5.348191245284977,2.6901947895192744,no_hand_wash
-1.9650961566088785,1.0674296233120033,2.47896977817757,0.9998049526167749,9.409690026808411,2.271102828781081,no_hand_wash
-0.6438718743513514,0.25677457908481754,3.473814021621622,0.19464992006532034,9.79954608108108,0.17556772988106417,no_hand_wash
-6.058262116263157,2.157020179751238,-4.323901559691053,3.890800616435743,-3.3629680900842107,4.077080268645389,hand_wash
-6.188155875643564,2.41067253748611,-4.194422036275743,3.0676432058144294,-3.347607359608911,4.0775949526899655,hand_wash
-5.983396699471154,1.9637560120854098,-3.8725671786375,3.2906022572295335,-3.421934840144231,4.144868459110139,hand_wash
-6.081042895073171,2.0968953449126135,-4.1988556004121955,2.810406579769933,-2.870927751609756,4.170119195062751,hand_wash
-6.319238267623763,3.3360910977008182,-4.2988614708118815,4.191607425111783,-1.5497292736683168,5.256955643337149,hand_wash
-7.103368349210526,1.5893507441681787,-2.5022352344736842,0.8000904297092694,5.996464143631579,1.4177723425992181,hand_wash
-4.895974815037558,2.539899854967957,-5.88032495699061,2.9665115431573224,-3.794848562070422,3.966568215218916,hand_wash
-4.858661190672169,2.3726450565084516,-5.578956899568396,3.073794817265276,-4.036216891386792,3.4250869542376843,hand_wash
-5.208521964103774,2.329975678846347,-5.456045696830189,3.649402844820861,-2.5044500346636793,5.071576037320594,hand_wash
-5.216848713474179,5.300574580706478,-4.744454889638498,5.9428742932516965,2.765526237122066,7.058160005513305,hand_wash
-5.91560699631579,1.5034685829268455,-1.3148728932763156,1.108901537982495,7.480996601763158,1.827184027161203,hand_wash
-4.386370937417841,2.228643618051747,-6.029414731107981,2.948892718503962,-3.220121458920188,4.7469646749292975,hand_wash
-4.630262534339623,2.137974865327656,-6.534058508113207,2.8592900186965804,-2.645376572083019,3.6129863538135614,hand_wash
-4.5730586452830195,2.1425025942495823,-5.923675740471698,3.2902413723555513,-2.6336288233113208,4.663346167813084,hand_wash
-5.022360743537736,3.7330372263328004,-5.9960869978773585,3.8263553358954314,0.2912884169811321,5.773994047799722,hand_wash
-4.279256734545455,7.803230005551263,-2.257749174025974,5.724156765569139,8.047916146977274,6.0584620721652165,hand_wash
-6.00370678373057,2.175529879168328,-3.4672437641160623,4.009274646087797,-3.2142425935492227,4.896524192478961,hand_wash
-5.788070631715686,2.6716612530129593,-3.440721195852941,5.05948999507984,-4.139038603833334,4.497279102197595,hand_wash
-5.881905217241379,2.343472626688944,-3.497566183719212,4.096005714287029,-3.139485034172414,5.1509291974929665,hand_wash
-6.188371087009805,2.43979024318001,-3.842269441372549,3.5483819142082234,-1.088466405362745,5.572363508271899,hand_wash
-6.9689205423023255,3.206628027379314,-1.6290900990697674,2.5743920181667983,6.002276684802325,3.2283378124451123,hand_wash
-4.598581509380282,2.991847357301943,-6.391710080319249,3.0415280817701253,-3.116985762737089,4.526349248612764,hand_wash
-4.7112774735023475,2.2106400980787533,-6.383603154784037,3.2654744799339652,-2.9899115233661973,3.5731552883876394,hand_wash
-5.092466973933649,2.005388214060437,-5.8584559786303325,2.931619520908917,-2.4731296231279623,4.422486477118686,hand_wash
-4.959060579830986,3.0860949580851527,-5.877699086032863,3.964336482468102,-0.3088058556197183,5.341882394013725,hand_wash
-4.902583139560811,7.442923154535193,-1.5475835877432433,5.8998561968546035,7.781435623878379,5.553440563597899,hand_wash
-4.553271249205608,2.3926335522043556,-5.8026285030841125,2.467805995118206,-3.8433257313084113,3.9094877321313963,hand_wash
-5.120885668726415,1.9777150988675523,-6.9126849745,2.2177211172103224,-2.1600320696698114,2.7668305068738763,hand_wash
-5.195048533080569,1.8608200570573346,-5.589268201232228,3.129728535451817,-2.2255755907109003,4.528498715554231,hand_wash
-5.373146933070423,2.2947418530205574,-5.433841339323943,3.241503245645041,-1.014737647230047,5.469874789821268,hand_wash
-5.568218691443926,2.6976045815137457,-2.3070694585046727,2.8833281032675266,7.414271388425234,3.5540946074497586,hand_wash
-4.985911902379907,1.1846514600212568,-0.33559055642336444,0.32061011153912666,8.450454841797663,1.8975191191223912,hand_wash
-5.085013208590909,1.1282951425045573,-0.5516790980651516,0.18710028096240627,8.40941141760606,1.852644180314513,hand_wash
-5.9351908055,2.496606307906728,-4.155700766573684,4.630982938212775,-3.8281731585263157,4.210137974020662,hand_wash
-6.032191013732057,2.1207270801258327,-3.976270769624402,2.848741998418806,-3.7679140982392343,3.921613842277712,hand_wash
-6.1540306095522395,2.025053486729555,-4.10279982400995,3.197108382581275,-3.0408868610129356,4.027819270976101,hand_wash
-6.347597612941176,2.068548009494055,-3.070251955514706,3.128044134581359,-5.275351751269608,2.567542572226306,hand_wash
-6.786774849556098,2.3251614198414416,-4.433485394290244,2.9277695612883066,2.2081885731487803,3.9762177714396474,hand_wash
-7.243776649344262,1.5795878375049852,-2.056179641737705,0.6771686349414429,6.007745468303279,1.2883115731255732,hand_wash
-5.280606063990611,1.9807215012817982,-5.807558045788732,3.1889107520917435,-3.595760852070423,3.691319123152732,hand_wash
-4.903696444811321,2.5938387591075447,-5.300767404150943,3.49266089549514,-3.427621102212264,4.886806608096013,hand_wash
-5.460160744811321,2.0430640966866753,-6.158938145136792,3.684658833670774,-1.9516138362452828,4.400101472771726,hand_wash
-5.414763875025974,5.360811540007678,-3.6014889502551948,5.942313226730707,5.781856192733766,5.111953872333399,hand_wash
-4.647845987258216,2.333640958493662,-6.2865055682629105,2.9233657960014034,-2.230602743906103,4.524471927199434,hand_wash
-4.821190244481132,1.6177540091312403,-6.522087938033018,2.751515394243141,-2.127185286165094,3.585719502868794,hand_wash
-5.1356655588207545,1.8910683040675658,-5.758959866839622,3.029607171118912,-1.8912199453066036,4.456448370422523,hand_wash
-5.620834736886793,1.9288034241715666,-6.061340668179246,2.7305435990328686,-0.28153250510377364,4.732112748793839,hand_wash
-4.705351546331776,6.028687237271774,-2.417162220622897,5.408602557143223,7.230364992579439,4.69748010148339,hand_wash
-4.600234003636364,1.496487028749336,-0.5037120990909091,0.24828876241332035,8.224015517909091,2.7198725062500264,hand_wash
-5.077138261883177,2.574823910848396,-5.414276429925233,4.582802919018468,-4.416079666219626,4.196582144755018,hand_wash
-4.901690449646226,2.7931393048546185,-5.860306169643867,3.917376781639372,-3.461361892476415,4.743186654582619,hand_wash
-5.2880408091981135,2.2832275966985525,-5.2098526197169805,3.923445053037785,-3.41943669715566,4.485319380692351,hand_wash
-5.506943498934272,5.629961192707377,-3.555775729455399,5.494115565279737,5.687824507971832,4.768366566082475,hand_wash
-6.790079833333333,0.1818677102571168,-1.4477893333333334,0.17322963650027867,8.013934916666667,0.057969632190877446,hand_wash
-4.905324910821596,2.6658429944247692,-5.440973054178404,4.296273642323455,-4.042790904647887,4.705953000214623,hand_wash
-5.2301599999245285,2.7917006865791527,-3.99752806895283,4.125001552236722,-5.650406657741981,3.8244182121836237,hand_wash
-5.354241716037736,4.000640807197362,-5.248998951220282,5.716086162988806,-0.1461344774764151,6.338499025335711,hand_wash
-7.139824922666667,1.6399166111893104,-1.8525905082539682,0.7510624450916858,6.377773751492064,1.472078596805417,hand_wash
-5.137091716666666,2.7912485994420737,-5.475673800859155,3.818437560356942,-3.958070626483568,4.696567567922843,hand_wash
-5.059205978679246,2.706145269521778,-5.169452947776887,4.503785507522552,-3.4829785289764152,5.442427606717803,hand_wash
-5.583416219669811,2.341137294977427,-5.693195874528302,3.5047120851209344,-1.7779815445212264,4.828351902174872,hand_wash
-5.569971271147059,5.309871268815442,-3.893943211315508,6.503298305857533,5.113816466272727,5.291722603932833,hand_wash
-5.640646442021277,2.208634868915984,-4.578495300579787,3.7282530615122638,-4.148008399930851,3.7140119463421493,hand_wash
-5.604456018578432,2.516808595058678,-3.023851736578431,3.314269938841932,-5.496026473333333,3.6741700559937636,hand_wash
-6.014682888737373,1.8103212750143383,-2.9450305018560603,3.4828493941021343,-4.475843968868687,3.8029161236873827,hand_wash
-5.868976023902438,2.5727967702521797,-4.6155951512029265,4.172314832075959,-3.14432567644,4.4981583019721105,hand_wash
-6.136130327609756,2.316726839769971,-4.864979786731707,4.144858930504408,-0.27452886377658536,4.922022184446619,hand_wash
-5.8529507119375,5.7791731322663065,-2.83828318584375,4.409977917713797,6.11957115846875,4.459518169442061,hand_wash
-5.906787665326633,2.3017779509674545,-4.209451817854272,4.3281582674496475,-3.0415234272613065,4.942199811734781,hand_wash
-5.775102596213592,2.327128119527443,-3.413296100208738,4.374086001680476,-5.285900010995146,3.3862160347090104,hand_wash
-5.80622530521327,2.1419068854804246,-2.998649958872038,4.017406886624882,-5.150408085075829,3.3195595665365945,hand_wash
-5.858479688787878,2.2907093693505303,-5.113880240282828,4.201038501557149,-1.5163749455878788,5.427314781943657,hand_wash
-6.5627977318291135,4.016941731180185,-2.7890180238544304,3.2860378455862334,5.7558719967234175,3.5131399355971507,hand_wash
-4.708996617429906,2.07460819237661,-5.935988954766355,2.8593814721836566,-3.369300052462617,4.278105410614118,hand_wash
-4.751510485613208,1.716659576881362,-5.918116409240565,2.411016608419316,-3.8447369899632076,3.0882508060791856,hand_wash
-5.317682741753555,2.197740884866796,-5.509421580815165,3.712275565975537,-2.5341599007298576,4.616877933227717,hand_wash
-5.366121583504673,3.1635934730480826,-4.371676201140187,3.8245922544467352,3.294344256051402,6.030503031718311,hand_wash
-5.66744371962963,1.2110114600208075,-2.343105419851852,0.5727254860643167,7.6000652731481475,1.5520705088670674,hand_wash
-4.969882159868544,2.440156174628596,-5.868972610539906,2.6333009103587095,-1.9033295278122064,4.98064614652368,hand_wash
-5.118784415896227,2.0012859945399444,-6.930937969433962,2.5256113841975045,-1.2661356256367924,3.174299840200233,hand_wash
-5.409635452358491,2.0673608446777747,-5.937921086084906,3.160043866976564,-0.9991616351627358,4.693156735196697,hand_wash
-5.023959996901408,1.936240702476673,-6.646868431483568,2.570211274315935,-2.1286086028967137,3.0783522545680753,hand_wash
-5.522405822500001,4.3041073772124285,-3.3708116368925234,3.8191036701177956,6.250200218792056,4.430704128234655,hand_wash
-5.088462006338029,1.2049643592444121,-0.4816706046629108,0.4476932125355522,8.358967680056338,1.85907392128949,hand_wash
-5.122153484302326,1.4869349601235136,-0.20027759072883722,0.6465498614895488,8.303018458593023,1.9674533843774011,hand_wash
-5.017600212051402,1.1973608856638134,0.04787227157429906,0.2538478191718149,8.4842652007243,1.9146542395015982,hand_wash
-5.165176163702857,1.1439006046820333,-0.0875495680382857,0.3002746106257543,8.397717476174858,1.8483268220912796,hand_wash
-4.534563276619718,2.7634024928759096,-5.633176051295775,2.9192403155085795,-4.074259642985916,4.487597597425032,hand_wash
-4.85446452240566,1.979592033884031,-6.110874363679246,2.819350919420916,-3.225653086042453,3.562070296216403,hand_wash
-5.104680075943397,1.9093100469798763,-5.212878111688679,2.8271501213060883,-3.563003737028302,4.0037482781209635,hand_wash
-5.170211049859154,2.936537501569443,-5.682114498375587,4.144113473561836,-1.4435071142723004,5.846293349465059,hand_wash
-5.133747649353383,5.9188730561390015,-2.0365588820977445,5.652694587747346,7.151803572180451,5.311288263676783,hand_wash
-6.144262235421053,3.3274753638652617,-4.412147533784211,2.6706383670792615,-4.478472280563158,4.528693199378751,hand_wash
-5.506280741465346,1.8583892845367709,-3.823579404752475,3.197238988449001,-4.531760798509901,3.642254158368946,hand_wash
-5.460093027246376,2.15160593455547,-4.340535046864734,3.655583905291472,-2.3702886282125606,5.213983345208803,hand_wash
-5.805258141893204,2.1599814379369455,-4.350992082689321,3.644403465665696,-2.806863659587379,4.466214376641217,hand_wash
-6.143376666097088,3.9396547749583926,-4.161944622771845,3.985568241129158,3.634179606684466,5.100760561399481,hand_wash
-6.569390458133333,1.4592936930337483,-1.5816539998999999,1.0756694988170548,7.1601618848,1.3901770580230097,hand_wash
-5.8422481109230775,2.191800534098014,-4.559223529571795,4.23795241022809,-2.901775598820513,4.354951577808492,hand_wash
-6.135719040198019,2.2221767479291645,-4.191507163445545,2.7951608487470248,-3.915462989100495,3.3634673720292105,hand_wash
-6.058994784655813,2.1182172146928684,-3.5389374912102327,2.5321540981204045,-3.709098295483721,3.7929316739474266,hand_wash
-6.47517459793,2.042190046815875,-4.255208806695,3.1764511925882797,-2.774181242885,3.8646092770816813,hand_wash
-6.015143211902439,1.823138201844566,-3.853895293917073,3.174332337045592,-3.441394682507317,3.8754003887137025,hand_wash
-7.059324435846154,4.148451782552353,-3.4453770999300697,4.296099278447091,3.7135185453335664,4.65700781247492,hand_wash
-6.122090560061856,2.180080592628508,-3.3636916951082476,3.6118154882782223,-0.9126840662371134,6.225419948049637,hand_wash
-5.579897082679426,2.3551238110121293,-2.5284639493382777,3.0034630919997984,-5.466751633397129,3.106792145382666,hand_wash
-6.264449772439025,2.192735613963946,-4.328321865587805,3.4240173583898526,-2.042003521552683,4.111646455539999,hand_wash
-6.143996193368421,2.3298490284815525,-4.11261313174,3.837498911472869,-2.5951500826447367,5.034293240287345,hand_wash
-6.103446988756219,2.275304200372603,-4.250571156079602,4.353376237898133,-3.550629705106965,3.872485322066277,hand_wash
-5.850247132772277,2.4193441729486933,-3.8253528458762376,3.287804083247403,-4.718309191653465,2.8899039298496128,hand_wash
-6.316907787421687,4.609252423261151,-3.2455948754939756,4.567819989839293,4.760034037746988,4.9588332168881255,hand_wash
-4.858920566830986,3.2786754541142726,-5.935402267042253,3.3482684518723245,-3.355687603913615,4.826944082992707,hand_wash
-5.016152967311321,2.257948884347181,-5.715056962735849,2.775371992073058,-3.6575077964952833,3.2077881841518803,hand_wash
-5.026542141665094,2.1267771568799962,-5.6396560372957545,3.6837094731015476,-3.167516499339623,4.5299938743437,hand_wash
-5.18184111117371,2.6213744819206717,-5.688588803873239,3.4907446846900894,-1.7903239601455398,4.053853467006934,hand_wash
-5.286435760422536,7.460120190789056,-2.394756771503521,6.079720735338882,6.962258107699296,5.169391401044554,hand_wash
-4.266272559439252,2.5249373306902787,-6.047907910373832,3.0060889701000475,-3.3129810630841123,4.408704289223968,hand_wash
-4.780446436386793,1.6631827683742644,-6.751305011627359,2.529454513181269,-2.862129537004717,2.8038434223903925,hand_wash
-4.54098519453271,1.7867385686522663,-6.053215527397197,2.892350097398434,-3.6692137057943928,3.316131748546259,hand_wash
-4.50460541347619,2.062891809868253,-6.20969574895238,3.4652030166584225,-2.2360356747380954,4.57320210127253,hand_wash
-4.723896236136793,4.994367076636723,-5.495187542358491,5.4421621259202,3.6341139627311323,5.164424016162298,hand_wash
-5.162085599591837,1.1367928491651544,-1.0022179089591836,0.4331284302231999,8.21724062112245,1.7583772069808261,hand_wash
-4.219164816869159,2.4067265722457427,-6.067294557551402,2.609444309896723,-3.3650619259906542,4.448623624544954,hand_wash
-4.759442205037915,2.360578749186589,-6.891161173033176,3.1323567535067447,-2.346809244651659,3.6253131001062924,hand_wash
-4.644919021933962,1.8498290399044315,-6.439529708872642,2.7173080398923424,-1.814696288259434,3.6823054130509862,hand_wash
-5.129677613411214,3.684797202365089,-4.89311254564486,3.687227962225372,2.381806418423832,6.553989092479499,hand_wash
-5.699094901142858,1.3841104503619162,-1.4179835338730158,0.46978122290203783,7.953046959301587,1.841516343995257,hand_wash
-5.937858265206185,1.8906613824768634,-4.708082418618557,3.0228105833232553,-2.3489553374469074,4.077048400208167,hand_wash
-5.812882629495192,2.249148566081392,-3.943203959322115,3.1895873625564466,-3.8618929715528845,4.105994804067505,hand_wash
-5.6158168790291265,2.5185660950869355,-4.036926664524272,2.8299705639421844,-4.449793406043689,3.597084143374676,hand_wash
-5.3677817157365855,2.3007660801875285,-4.13212645935122,3.0914577729081794,-4.782119304848781,3.504957471334525,hand_wash
-5.589826825671642,2.636491573402472,-5.304615067661692,3.259662469821634,0.09316956356268656,5.333071665620039,hand_wash
-5.190284386148387,4.138683588814386,-3.317513400129032,4.462561872808087,6.7989544265012904,5.5421624750139875,hand_wash
-4.540520115630842,2.296448067798809,-5.785167716691588,3.0465610475364153,-4.069257963411215,3.6288175660806727,hand_wash
-4.344017688957346,2.6199482738945044,-6.088583346161138,2.737225917230859,-4.161728587047394,4.043239619530178,hand_wash
-4.835614276995283,2.1626469521485476,-5.566501203896227,3.5973807990421447,-2.623911462014151,5.155921284678273,hand_wash
-5.516401958466667,4.071732328973539,-4.384396982769953,4.6559569951774105,4.870804416690141,5.348017492241825,hand_wash
-6.015331976510328,1.358371983429885,-1.0615621409586855,0.38274096176953576,7.59535220676291,1.7001337531837386,hand_wash
-5.957660264493333,1.4293457663084588,-1.0858506130533334,0.27322773059976696,7.563494701900001,1.8120610259703216,hand_wash
-4.577581284338028,2.9324191144246288,-5.581822312910798,3.195220233358415,-4.13412169814554,4.426479902876133,hand_wash
-4.915890314386792,2.2209853438856673,-5.773160307915094,2.632048646191012,-3.7419714200943397,2.9539043938706757,hand_wash
-5.163734473868544,2.0303471523022085,-5.517464253403755,3.4234358933701294,-2.9821191092112675,4.8955167942747195,hand_wash
-5.283845773349056,4.997119006146559,-4.815366081056604,4.38598714793273,0.8530147274481132,6.425750670933936,hand_wash
-4.835445702709677,5.072118717813459,-2.226993052666667,3.7963168645814083,7.88983282,4.177479314661781,hand_wash
-4.305531406671362,2.535561372785939,-6.606048270375586,3.1829119209043846,-2.7478352673755873,4.264421008511232,hand_wash
-4.82999810990566,1.875970638232276,-6.603620473655661,2.585608969565214,-2.4837695225141507,3.295503190484512,hand_wash
-4.680033612488263,1.8531163919384497,-6.249022197258216,2.569057996675951,-3.719592742629108,2.600909693580242,hand_wash
-4.948694758957346,2.0793691707167428,-6.872123573246446,2.790002730723795,-1.2034129937194313,3.3678272687957125,hand_wash
-5.249387899159625,4.327226050372035,-5.531956920215962,5.248876391672887,1.801449678253521,6.340786191116531,hand_wash
-3.7167943872346942,5.866663231038992,-0.40642310130748305,2.984001252416789,8.431354493979592,4.932420079452187,hand_wash
-4.650329254814085,2.963429656490789,-5.605493907427229,3.182934079627054,-3.8881337788483568,4.6153513128887855,hand_wash
-4.677149285518868,2.120898872277005,-5.965971510943396,3.1577582908450172,-3.5821536869669814,3.6529738781983108,hand_wash
-5.084100511588785,2.22530479830397,-5.261506598426635,3.6367552926940547,-3.3322723743271028,5.284196519416532,hand_wash
-5.035439327761904,2.371648386657546,-5.862565704085715,3.5732739190000107,-1.8874012720333333,5.50463917946541,hand_wash
-4.4810764200945785,8.264141360189743,-2.8990006421686747,6.020144541131787,6.909652191307229,5.651245735956203,hand_wash
-5.992153709015543,2.1291161002573165,-4.2333345947046634,3.621645641590045,-2.623645606103627,4.534988812303653,hand_wash
-6.122377548641791,2.107323840583739,-3.983898592273632,3.173722944158423,-3.4140688735671643,4.027991445934524,hand_wash
-6.143001344019417,2.205672436954546,-3.4716562709708736,3.225278580974939,-3.806981161165049,4.059256962969291,hand_wash
-6.3784628315420555,2.2345360057585855,-3.1593645441635516,3.607891494058849,-3.5419281505864486,4.2488214506350594,hand_wash
-6.432185233455446,2.6008312663630337,-3.669883087351485,2.641279172273039,0.5196458724108911,5.31056043214982,hand_wash
-7.0802425733831775,1.590310383238845,-2.30114248517243,0.5601856635318669,6.047188698333645,1.3629884779693033,hand_wash
-6.968572053736607,1.513925487519175,-2.2023759857044642,0.49865219663433447,6.26233330343125,1.363995867891407,hand_wash
-4.740574894225352,2.2587626006570427,-5.631937369647888,3.1226957471318726,-3.275784813389671,4.4845457003918705,hand_wash
-4.922420327122641,1.88101098581162,-6.380698290636793,2.745288639663773,-2.758726925066038,3.4287959029564186,hand_wash
-5.026416160283019,1.9578197748628945,-5.560595427150943,2.932275272760061,-3.027917296212264,4.327825936768113,hand_wash
-5.4673855137264145,4.694614739653623,-5.0316738496698115,5.761962119834662,1.681717606041038,6.43511972524853,hand_wash
-6.1939515215466665,1.4974857917065616,-2.0614557462573333,1.1972327664928375,7.181141707036,1.5358314712277084,hand_wash
